0.0,0.0,0.098856588549999985,0.02478169688444995,0.00061413250047275632,0.02873042,0.16519992,0.026598095548583282,0.17200219191198532,3.0399558773401422e-06,7.2747355915465286e-05,0.05006471917417724,0.16212829193839262,0.024657477070211965,0.0,0.0,0.6760986320000002,0.024571923556434529,0.00060377942726326213,0.61291563999999998,0.74699090000000001,0.018612205265954449,0.1744498727004847,2.9887081649531469e-06,7.155001097988988e-05,0.38670544971817616,0.3542857655062672,0.024448755244196575,0.0,0.0,9.8692348049999978,0.036383200439581362,0.0013237372742267532,9.7420059999999999,10.029311,0.013130214291318254,0.18357578530749563,6.552499507422425e-06,0.00015968012220316522,1.0478538772824004,5.642560966401623,0.036200827359115506,0.0,0.0,9.8929210340022653,0.036338326330750348,0.0013204739605201042,9.7672054964301669,10.049767446008756,0.012823773549020794,0.18223987004566031,6.5363461045745144e-06,0.00015808395794217214,1.0634512532282598,5.560582342735273,0.036156178184577295
0.024109611060000011,0.45454545454545453,0.097707371589999994,0.022930805271160277,0.00052582183038387201,0.02873042,0.16519992,0.011581251185399917,0.1762744193521385,2.6028180604001665e-06,6.2910563284488124e-05,-0.0349645659175297,0.364931387257974,0.022815863167542735,0.024732099399999995,0.42424242424242425,0.67437480629999991,0.025138375229487853,0.00063193790917852842,0.61291563999999998,0.74699090000000001,0.017371070531871244,0.18009763046935295,3.1280926504337181e-06,7.8007619465367023e-05,0.4017643681668484,0.1448810069843609,0.025012367542612657,0.038498810000000334,0.494949494949495,9.8664335749999985,0.040883135483367652,0.0016714307669513954,9.718064,10.029311,0.016147075262669421,0.17175532096959312,8.2735822964094058e-06,0.00019816914642776186,0.1561354503030544,5.183773446465995,0.0406782061954787,0.038830125940022685,0.494949494949495,9.8899939072460707,0.040960845550183117,0.0016777908681859563,9.7407764804619674,10.049767446008756,0.016762405733776346,0.17090357207189621,8.3050647975204861e-06,0.00019844130735689335,0.1617971424308053,5.1033009251546755,0.0407555267356968
0.022936452560000001,0.40404040404040403,0.098425632219999989,0.022981754649119931,0.00052816104675234557,0.043095630000000003,0.15322891,0.025638683990906495,0.17107478548871066,2.6143971814241125e-06,6.1693858475494245e-05,-0.05254009814733869,-0.09956455638058115,0.022866557158540985,0.022936451,0.3838383838383838,0.67250732779999989,0.023801082056693467,0.00056649150706945567,0.61770402999999996,0.72544310000000001,0.018187324564787284,0.17699963950981726,2.8041329599938032e-06,6.7719877682077752e-05,-0.09670354500204198,-0.3696079233794669,0.02368177763595379,0.034691990000000103,0.494949494949495,9.8638957000000005,0.033241447651838181,0.001104993841989898,9.718064,9.9646670000000004,0.013980328308285338,0.18162690859480957,5.4697195178499957e-06,0.00013168765722815118,-0.879969733253773,4.214627914484238,0.03307482280481634,0.035021312436155243,0.5151515151515151,9.887338829932828,0.033342476556250188,0.0011117207429040933,9.7407764804619674,9.9900022872465382,0.013347894652045986,0.1812970490926635,5.5030176773752654e-06,0.00013225027906093117,-0.8656390191268869,4.258817606493301,0.03317534529549093
0.025115176299999997,0.37373737373737376,0.096653922970000028,0.024838547365637838,0.00061695343523503448,0.031124622000000001,0.15322891,0.013919136904695508,0.17860444459762118,3.0539195044134234e-06,7.3178993296797972e-05,-0.14760979844780023,0.07238827752916999,0.02471404258478738,0.028490996199999986,0.4444444444444444,0.67138205249999994,0.027644142205985892,0.00076419859830477042,0.58179099999999995,0.73262569999999994,0.011763825457948329,0.17580806056095791,3.7827830616086134e-06,9.2157888059760188e-05,-0.3917847979461955,0.2160258231332688,0.027505574204544844,0.038857829999999927,0.48484848484848486,9.8671518399999982,0.036303225909118414,0.0013179242114084865,9.7659479999999999,10.041282000000001,0.011460457606076647,0.17712803215885034,6.5237248464720053e-06,0.0001607819130149046,1.1309273842803045,4.619276275281245,0.03612125370601637,0.038986375322300156,0.5050505050505051,9.8905079451206888,0.03631995649003962,0.001319139239438371,9.7935201704825463,10.064245845101837,0.011460475573469617,0.17702200201102283,6.529739235219936e-06,0.00016056545469900576,1.155437058076551,4.502421317827416,0.03613790042384847
0.024061727859999989,0.43434343434343436,0.096989111040000006,0.022742676253829999,0.00051722932318652292,0.031124622000000001,0.15562311000000001,0.013206044178833079,0.18368460698474454,2.5602851497732861e-06,6.3789818436346386e-05,-0.1266821497098559,0.09744245350378256,0.022628677158743896,0.03323151399999999,0.5252525252525253,0.67241155930000007,0.030004805626362558,0.00090028836067579821,0.58179099999999995,0.76614450000000001,0.017088576176512563,0.17019791779894694,4.4564273853452006e-06,0.00010348645621661469,-0.004590949478553508,0.8103620418313362,0.029854404651056772,0.037110100000000035,0.494949494949495,9.8642070299999993,0.036522833113208281,0.0013339173386152634,9.7132759999999987,10.041282000000001,0.015755972863162365,0.17728514915105317,6.6028908261455451e-06,0.00015932791243064337,0.3945688149428887,7.190849798273929,0.0363397601151839,0.036790824837472196,0.494949494949495,9.8876463984016549,0.036197330794429265,0.0013102467566413372,9.7442094345663897,10.064245845101837,0.015261067203455832,0.17658561350924812,6.4857214453746234e-06,0.00015610992176632836,0.5314110878769568,6.8699274407273325,0.03601588939724971
0.028610711379999994,0.5555555555555556,0.099431197140000038,0.024476452998554752,0.00059909675139045986,0.031124622000000001,0.15562311000000001,0.019004879189195863,0.17810360831431044,2.9655289193827731e-06,7.2780454030787323e-05,-0.31363361973977966,-0.13008958468565446,0.024353763238492636,0.03105279750000001,0.494949494949495,0.67339317890000006,0.028319621525859325,0.00080200096336791483,0.60094464000000003,0.76614450000000001,0.011178195614224257,0.18100605065224845,3.9699047686711756e-06,9.8174739443451428e-05,0.3544899202581638,0.5748649541708821,0.028177667641844237,0.037038380000000121,0.5050505050505051,9.86638576,0.035316207306669935,0.0012472344985276871,9.7132759999999987,10.024523,0.023919751517331334,0.17974343432894616,6.1738107677120488e-06,0.00014919675640942144,0.4562852611728806,6.769587093996277,0.0351391825963896,0.036906416729425101,0.5252525252525253,9.8899095511373911,0.035159387399323581,0.001236182522295714,9.7442094345663897,10.047016241361792,0.023888869396009538,0.17871025205716168,6.1191034853637797e-06,0.0001469877116665523,0.614454803954326,6.401246745074085,0.03498314875869176
0.028634653179999994,0.5252525252525253,0.099814269300000008,0.024434404440717424,0.0005970401203725513,0.031124622000000001,0.14844051,0.021437008506915149,0.17406862871517084,2.9553485958441286e-06,6.9456183566124331e-05,-0.5372936687175598,0.28548666047007254,0.024311925451696043,0.027246015000000002,0.40404040404040403,0.67372836950000003,0.026363683345737139,0.00069504379955429788,0.61770402999999996,0.7445967,0.019003003854158457,0.17822648510353789,3.4404668077937752e-06,8.4084324870995262e-05,0.29401431525329763,-0.2864152141839611,0.026231533724865478,0.035122990000000132,0.5050505050505051,9.8662181500000017,0.03174130331172257,0.00100751033592677,9.8066499999999994,10.024523,0.020795922624527657,0.17526848481465362,4.9871761628375055e-06,0.00011817925090069311,1.5897647906881105,6.1802161123613555,0.0315821980325547,0.034919139885388743,0.5252525252525253,9.8897628374271687,0.031798058708537094,0.0010111165376315717,9.8296537691754704,10.047016241361792,0.021107371499885036,0.17568176112269274,5.005026861276277e-06,0.00011880536011244201,1.6115253759677965,6.225095929428463,0.03163866893937316
0.022768858469999997,0.3838383838383838,0.10048464541000003,0.021891588276481487,0.00047924163726698174,0.035913024000000002,0.16759412000000001,0.020004056410184108,0.17588060932933136,2.3722461044715584e-06,5.7206668405899938e-05,0.04060932649455489,0.7728673039833831,0.021781855313409645,0.026024966299999983,0.41414141414141414,0.6760028642,0.025274635255348062,0.00063880718729088324,0.61530982999999995,0.7445967,0.023284441549664674,0.17851202570795605,3.1620955770898716e-06,7.8487983662412628e-05,0.23026449666054044,0.0732742133148796,0.02514794455652339,0.029161330000000162,0.494949494949495,9.8638717899999993,0.024952129943414284,0.00062260878871303171,9.8066499999999994,9.9287550000000007,0.014855930210780943,0.17031915855042595,3.0819135041295079e-06,7.2098972016286891e-05,0.1386687420099302,-0.3235522290366335,0.02482705582274913,0.028668709997646237,0.494949494949495,9.8875760567988262,0.024755327623512638,0.0006128262457474478,9.8296537691754704,9.9531174473004285,0.015784715789047069,0.17022738151054648,3.0334899164498661e-06,7.0907041870415545e-05,0.1677589899278735,-0.2546504061338024,0.02463123998685355
0.024923640629999994,0.41414141414141414,0.10144232653,0.023356017827536626,0.00054550356876020866,0.038307226999999999,0.16759412000000001,0.0075379244237873261,0.17507561511332093,2.7002426653630325e-06,6.3923827783223956e-05,0.011900848311297745,0.19023578696911514,0.023238944319237193,0.026767166200000005,0.5151515151515151,0.67803793489999986,0.023978258092607688,0.00057495686115570605,0.61530982999999995,0.73980830000000009,0.015799374790813794,0.18684897025164579,2.8460364627207444e-06,7.4014101448164498e-05,0.15444893404874116,0.07746343567288294,0.023858065565844792,0.026312270000000151,0.494949494949495,9.8682770999999985,0.02545096582061325,0.00064775166120202381,9.8090449999999993,9.9957919999999998,0.0042943306764054211,0.18167963416602256,3.2063707229500167e-06,7.8078695597144738e-05,1.100907090951114,5.12226849993354,0.025323391253740158,0.026269651837753347,0.494949494949495,9.8921195859106632,0.025416473869978928,0.00064599714398332162,9.8316569129243341,10.019283200663798,0.0041035271180063053,0.18129114720206096,3.1976858627174416e-06,7.7778172580541735e-05,1.1290294083060886,5.137630365067267,0.02528907219617771
0.025139118790000001,0.5151515151515151,0.099000240570000009,0.022086233513678177,0.00048780171082072108,0.038307226999999999,0.14844051,0.011976327089949319,0.18198082448813543,2.414618468562569e-06,5.9719878865567597e-05,-0.31736672650350184,0.23795062863785388,0.021975524879112987,0.025330649399999992,0.46464646464646464,0.67418327130000011,0.023803995702793793,0.00056663021141862538,0.60573303999999994,0.74220249999999999,0.024884465992973687,0.18143233777765963,2.8048195465221947e-06,6.8822592206200649e-05,0.21335281380056892,0.4361627653717677,0.02368467667721979,0.027724850000000013,0.48484848484848486,9.869498179999999,0.02594381723834345,0.00067308165289656685,9.8090449999999993,9.9957919999999998,0.009281609156602354,0.17920858859769634,3.3317541818380058e-06,8.2595539014136796e-05,1.1120440396870943,4.5935508407766275,0.025813772222741897,0.027699404696325959,0.48484848484848486,9.8930463224580301,0.025881550233288496,0.00066985464247823576,9.8316569129243341,10.019283200663798,0.0099459398405107331,0.17934125474902354,3.315780480267266e-06,8.2078306444538157e-05,1.0890377275345602,4.656247029136243,0.02575181733496596
0.021260510990000002,0.494949494949495,0.097491893290000006,0.020682892953263976,0.00042778206091617665,0.043095630000000003,0.15562311000000001,0.016358909681461555,0.18200182372595466,2.1175212015350768e-06,5.2869210279901718e-05,-0.14549751918264298,0.6534559271140017,0.020579218651518693,0.02339134759999999,0.3838383838383838,0.67638593469999986,0.027032718359953484,0.00073076786192856629,0.60573303999999994,0.76135609999999998,0.029402422213878707,0.18580863191584981,3.6173009165464032e-06,9.1198279404862775e-05,0.6858633074397272,0.9199729214526284,0.02689721515899519,0.026599560000000081,0.47474747474747475,9.8676067399999994,0.02325849212767089,0.00054095745605292872,9.8090449999999993,9.9335429999999985,0.020736816882316923,0.18625620944255844,2.677739407461999e-06,6.645972771348624e-05,0.3742761607877515,0.16536365008920795,0.023141907473075752,0.026806708083485606,0.5151515151515151,9.8912997543192382,0.023291298067300164,0.00054248456565982029,9.832140819701408,9.9573451295208031,0.019931601539443893,0.18708324007337612,2.6852986000161097e-06,6.7028111378514168e-05,0.32772810978157413,0.18600862841167398,0.02317454897086936
0.023750481040000007,0.5353535353535354,0.099311486770000013,0.021777626449328184,0.00047426501376647844,0.043095630000000003,0.15562311000000001,0.021943501763478646,0.18357652611792624,2.3476118181440698e-06,5.9466520074311961e-05,0.06639514723945403,0.010970969953135068,0.02166846472708239,0.025139109400000002,0.46464646464646464,0.6794265706,0.026290175824599523,0.00069117334488835724,0.62249242999999999,0.76135609999999998,0.02289895866614107,0.18041325021675117,3.4213080571973681e-06,8.5165153817338426e-05,0.48325639304211154,0.45351914410395056,0.0261583946648007,0.025737690000000216,0.48484848484848486,9.8639675399999991,0.022705260538687919,0.00051552885612969883,9.8090449999999993,9.9167830000000006,0.010949133376245458,0.19162479107100769,2.5518678378420094e-06,6.7492750853899276e-05,0.00300733143960615,-0.23945160126938347,0.022591448992227165,0.02609324497624467,0.5252525252525253,9.8878957119831767,0.022949503256977116,0.00052667969974200333,9.832140819701408,9.9417355255050488,0.010992300000864801,0.19190341565998922,2.6070645137229146e-06,6.895561382351111e-05,-0.017811524759232773,-0.2272788774029726,0.022834467428529688
0.023965959609999987,0.47474747474747475,0.10113107991999999,0.020872499705708914,0.00043566124396481867,0.055066638000000001,0.14844051,0.004600181317144938,0.18486406069427816,2.156523157625852e-06,5.3759759659414202e-05,-0.005068824698144073,-0.6473336305346091,0.02076787498819199,0.029999344999999979,0.5050505050505051,0.67289039810000006,0.026349131071996119,0.00069427670824923136,0.62249242999999999,0.74699090000000001,0.016856813861158036,0.18026810725110654,3.4366697058336983e-06,8.3305009673530914e-05,0.13613031965980166,-0.4984920544700193,0.026217054395311825,0.032154130000000072,0.5050505050505051,9.8665772349999994,0.030201121577060678,0.00091210774451240008,9.811439,10.019734,0.023437168908408492,0.17781824730845908,4.5149333353363789e-06,0.00011138978805015751,1.4014647157493818,5.444260641660085,0.030049736555705045,0.032814731442992143,0.5050505050505051,9.8900678604883367,0.030726186913546963,0.00094409856224622461,9.8361724465575193,10.048533158115726,0.022151776604240107,0.17872949617944534,4.6732878831188116e-06,0.00011559976747702185,1.4446176631814929,5.808965508157723,0.030572169969169057
0.021404163810000008,0.40404040404040403,0.097659487419999996,0.021260517330484566,0.00045200959715983462,0.02873042,0.14125789999999999,0.014082404337403013,0.17193925486304068,2.2374475059411813e-06,5.2499628281228692e-05,-0.2947720528800495,0.12356661955184123,0.021153947650219718,0.033638537799999979,0.494949494949495,0.66994552770000015,0.031100205834859344,0.00096722280297061914,0.52672440000000009,0.74699090000000001,0.01208729352267823,0.18842401393073527,4.787752874704568e-06,0.00012237412699669107,-0.7494866788952462,3.1054824342276754,0.030944314097115046,0.03617637999999998,0.47474747474747475,9.8679658449999987,0.034690097811918626,0.0012034028862004814,9.7874970000000001,10.019734,0.015154582772824592,0.18143703735452937,5.9568442866923904e-06,0.00014940938113263156,0.9688087499633441,3.0381423062000623,0.034516211514858876,0.036841763070626268,0.45454545454545453,9.8912321037093633,0.035365096323522992,0.0012506900379720594,9.8094188123836208,10.048533158115726,0.015738216632731592,0.18159712923077942,6.1909156879616909e-06,0.00015559597596061939,0.9879391098875798,3.220988516175077,0.03518782655397089
0.024947582270000004,0.5454545454545454,0.098353806009999989,0.02181534792796095,0.00047590940521799013,0.02873042,0.1436521,0.021572955920600441,0.18416265344082772,2.3557515558290501e-06,5.9470420921127785e-05,-0.2820109984455464,0.08290489046275251,0.021705997124431078,0.030669721899999992,0.5050505050505051,0.67030466350000006,0.029559753097476032,0.00087377900318374394,0.52672440000000009,0.72783730000000002,0.018673298104108092,0.18006612608368999,4.325206065759537e-06,0.0001049695981650842,-1.083462607781616,4.10998520959716,0.02941158297596215,0.033399109999999864,0.43434343434343436,9.8676066999999996,0.03027575864224772,0.0009166215613636376,9.7874970000000001,9.9622740000000007,0.019624011100838258,0.18176576506901754,4.5372767287500079e-06,0.00010987946661201138,0.07343981400031958,0.4865114629537599,0.03012399949790866,0.033547401637138277,0.41414141414141414,9.8909030053291094,0.030570088256542682,0.00093453029601280871,9.8094188123836208,9.985654043754705,0.019667247329668441,0.1806545222554318,4.6259249652634025e-06,0.00011124030188368215,0.05550250376036076,0.49875785917706006,0.030416853766500582
0.028323406750000012,0.5959595959595959,0.10357316580999999,0.02314425028199479,0.000535656321115616,0.052672440000000001,0.19393034000000001,0.010832267586281015,0.18764852827474121,2.6514987895223014e-06,6.7634995859692287e-05,0.651194442971003,1.0730236401255837,0.023028238271836164,0.025091230999999992,0.5050505050505051,0.67054408649999997,0.023461384502510146,0.00055043656277462319,0.60573303999999994,0.72783730000000002,0.020111790354970772,0.17483023196860004,2.7246609857343849e-06,6.7028156529670189e-05,-0.18264798278056182,0.04803758187934015,0.023343782837125543,0.028897959999999844,0.47474747474747475,9.8675587500000024,0.024977176142390093,0.00062385932804798086,9.8090449999999993,9.9359369999999991,0.0076344107081721801,0.17297911879267397,3.0881036738375062e-06,7.0813620150878893e-05,0.19772425303016872,0.10533164347861756,0.02485197647607733,0.028602739808543092,0.45454545454545453,9.8909126577694604,0.024865423303526854,0.00061828927606357635,9.8338710298186278,9.95804118478158,0.0070681083131172232,0.17186243049115998,3.0605319165147024e-06,6.9968631064356334e-05,0.1970512969243231,0.009226146079797548,0.02474078380534741
0.030166942600000003,0.47474747474747475,0.10010157330999998,0.032122839675697207,0.0010318768288305467,-0.093373865,0.19393034000000001,0.017869550345370033,0.17076064642852151,5.1077903027112064e-06,0.00011886687062867305,-1.9960844497366679,12.050995809467096,0.031961821921508815,0.032848452500000007,0.494949494949495,0.67224396809999987,0.045989957997871506,0.0021150762366459849,0.61530982999999995,1.0749966,0.013583026928446098,0.16902552815970431,1.0469627371397621e-05,0.00023015301226148342,6.745070349756508,57.17117809102611,0.045759430440943265,0.046064419999999925,0.5353535353535354,9.8551807299999989,0.087618976981761243,0.0076770851273304068,9.0261399999999998,9.9359369999999991,0.01171561270340056,0.16004340939840253,3.800157138028549e-05,0.00078485445740945176,-8.566564878567007,78.81096344320586,0.08717978134898655,0.044473548891710256,0.5151515151515151,9.8787806346505587,0.083656759363318539,0.0069984533871721832,9.0900964419654073,9.95804118478158,0.011850344295363229,0.16026110834822399,3.4642344266502321e-05,0.00071683741060161186,-8.469966059115322,77.63761073673385,0.08323742459555354
0.030621840899999992,0.494949494949495,0.095313169449999999,0.030645054723229349,0.00093911937898972153,-0.093373865,0.14844051,0.011746807037218499,0.18134219435287754,4.6486409259991211e-06,0.00011220262497815432,-2.411390673288068,12.716864137987995,0.03049144445905809,0.033662478199999984,0.45454545454545453,0.6760028629,0.046334629974598252,0.0021468979348829389,0.62009822999999997,1.0749966,0.015052834368071423,0.16381138474292931,1.0627144777670553e-05,0.00023511584336128618,6.472505045294466,53.31097992162216,0.04610237472770909,0.044603960000000137,0.47474747474747475,9.8537921399999995,0.087037412051639507,0.0075755110966468815,9.0261399999999998,9.9287550000000007,0.019550248328047571,0.1592454663663469,3.7498779928402053e-05,0.0007822978149773245,-8.704760330437793,80.4479262900432,0.08660113154965363,0.043885144829404615,0.494949494949495,9.8776006940717309,0.083141906470702853,0.0069125766115831011,9.0900964419654073,9.9511525027701744,0.019977173219521201,0.15944886767272473,3.4217254227336355e-05,0.00071639129378085157,-8.599714618041546,79.14912893044301,0.08272515243544293
0.028299465520000001,0.5050505050505051,0.093182329920000029,0.023216837612568906,0.0005390215487283942,0.011971008,0.14604631000000001,0.012836469217924619,0.17992614410058466,2.6681566662055519e-06,6.5167847502491791e-05,-0.23593146891022726,0.7502819643991288,0.023100461753850512,0.024971516799999992,0.45454545454545453,0.68048002060000001,0.024483838030310075,0.00059945832469445793,0.62967503000000002,0.76853880000000008,0.019699780116576318,0.19058066488572881,2.9673187072375654e-06,7.8826698488440421e-05,0.6734303167780052,1.0753056845292868,0.024361111252311815,0.026144650000000241,0.40404040404040403,9.8612141900000001,0.026646097205344551,0.00071001449627667071,9.7300360000000001,9.9407250000000005,0.013627333052950314,0.17765756970435617,3.514571756569521e-06,8.5515330107447261e-05,-0.8154873206140266,5.058856194400764,0.02651253196723964,0.026551458899029524,0.4444444444444444,9.8851616830658546,0.026396647611208437,0.00069678300511031601,9.7609894417603282,9.9636361135377403,0.013698295585573929,0.17813125902944094,3.4490758752960634e-06,8.3925384554337057e-05,-0.6806968543411132,4.11280025040783,0.026264332754882862
0.025809494799999996,0.494949494949495,0.09315838780000002,0.022652371595300373,0.00051312993889157112,0.011971008,0.14604631000000001,0.022462727274857139,0.17425690086665468,2.5399931975132766e-06,6.0646097801761259e-05,-0.28908932364478634,0.6840492984211708,0.022538825157994713,0.025498240000000016,0.47474747474747475,0.67715208299999985,0.025214268729651781,0.00063575934757109567,0.58657943999999995,0.76853880000000008,0.034288089187537694,0.16664663264915347,3.1470087704769206e-06,7.3049386647527564e-05,0.12419411037275556,1.8808075205043204,0.025087880621833817,0.030813360000000199,0.46464646464646464,9.8624592,0.030942106430617167,0.00095741395036364027,9.7300360000000001,9.9407250000000005,0.011426569530775907,0.17507639043420187,4.7391990543000204e-06,0.00011178193304418508,-0.7685526193327561,3.9648478936717346,0.03078700717608004,0.031049926532028441,0.5050505050505051,9.8861754105576409,0.030746475256441207,0.00094534574069495133,9.7609894417603282,9.9636361135377403,0.011229968765336273,0.17499964738524143,4.6794614164400095e-06,0.00011044338527198066,-0.6564243968644441,3.438985304834283,0.030592356615468542
0.027222072619999985,0.6161616161616161,0.09753977707,0.023479556971903626,0.0005512895955968681,0.050278234999999998,0.18435352999999999,0.0053607185997390202,0.19121903768892212,2.7288834982044969e-06,7.0966808451106391e-05,0.2517869023382574,0.747388166319277,0.02336186421587326,0.026862935399999996,0.45454545454545453,0.67516489329999996,0.026089924555043404,0.00068068416328785674,0.58657943999999995,0.73023149999999992,0.0298778255161627,0.17836265134784782,3.3693866082748957e-06,8.1819038759135316e-05,-0.26233349258619065,0.30945708836862007,0.02595914716732771,0.031268245000000049,0.5050505050505051,9.8645181949999987,0.028794957861173261,0.0008291495982267438,9.7491889999999994,9.9407250000000005,0.011181431249867778,0.17361403933825323,4.1042905112223815e-06,9.9408425321908627e-05,-0.3707838940697186,1.621012441016891,0.0286506213238819,0.03179437674596633,0.5252525252525253,9.8881387136096883,0.029027212564984948,0.00084257906929281995,9.7731069715060546,9.9631959904317569,0.010143326266619911,0.17624949523656067,4.1707663929994616e-06,0.00010278853129809686,-0.3380195325221929,1.497108938635857,0.02888171183638345
0.027246015239999987,0.5757575757575758,0.10000580532000003,0.02401652068023126,0.00057679326558397585,0.052672440000000001,0.18435352999999999,0.0088551055313824487,0.17825274266160349,2.855126664640681e-06,7.0322160772982067e-05,0.042843852518208325,0.4814295057158442,0.02389613635984144,0.028778296199999991,0.47474747474747475,0.67755909189999997,0.026295509244902801,0.00069145380644876873,0.62009822999999997,0.73023149999999992,0.01928630849625268,0.18122441606294085,3.4226963419214042e-06,8.4527819705651784e-05,-0.07972479426054786,-0.7454474543306318,0.02616370135099927,0.028371329999999979,0.5050505050505051,9.8656434100000006,0.025391571660509892,0.00064473191139080913,9.8042555,9.9311490000000013,0.017520717735125865,0.17362319881732538,3.1914229613845049e-06,7.5817687090129173e-05,0.06265893151285172,-0.2752291371052342,0.02526429481059982,0.028708902263958825,0.5050505050505051,9.8894516849424718,0.025556389869692268,0.00065312906317170952,9.8278081987494321,9.9551710542121814,0.017347984913586786,0.17308266160389851,3.2329888626999641e-06,7.6397888773085951e-05,0.05961386846076635,-0.35651972764214035,0.025428286858142694
0.029089551459999998,0.5656565656565656,0.099790327289999994,0.024508190325477196,0.0006006513930298141,0.023942016,0.16759412000000001,0.016372528723705447,0.17861978964975719,2.9732243954975792e-06,7.2128791877398409e-05,-0.24100206951111455,0.17194330516257317,0.024385341480067813,0.030406356600000014,0.5454545454545454,0.67329741330000004,0.026746519369473139,0.00071537629838160175,0.61291563999999998,0.73023149999999992,0.020036332314046109,0.18239475639685296,3.5411126769889301e-06,8.8340717681296849e-05,0.08936209097695766,-0.7193623058085645,0.026612450758954645,0.044604035000000139,0.5454545454545454,9.8550371349999981,0.089018266106231814,0.0079242517005598985,9.0069869999999987,9.9311490000000013,0.020004775689372541,0.15782924681179372,3.9225045917771502e-05,0.00080685990038132716,-8.754911083272754,81.06452831411188,0.08857205644871469,0.044879305906881849,0.5454545454545454,9.878585232710714,0.08845546202243712,0.0078243687616028155,9.0371345432657915,9.9551710542121814,0.020560289661983096,0.15779559923302572,3.8730625369933949e-05,0.00079727297479902624,-8.715463418693606,80.57302556696035,0.08801207345578667
0.028993784130000009,0.5959595959595959,0.098641110380000008,0.023811066593916821,0.00056696689233994165,0.023942016,0.16759412000000001,0.0085201466802045916,0.19445565438032619,2.8064861170827112e-06,7.2561577286083112e-05,0.043716830048305254,0.3590605353094296,0.023691712125056354,0.028179747399999976,0.5454545454545454,0.67401567490000014,0.026133122704923274,0.0006829401023105764,0.61291563999999998,0.7445967,0.037077100713296701,0.18480471749538968,3.3805535064373536e-06,8.7243445036367829e-05,0.09941989751719071,-0.311377398248772,0.026002128783764428,0.042185799999999975,0.5555555555555556,9.8533612699999988,0.088795020891763998,0.007884555735168804,9.0069869999999987,9.9335429999999985,0.018698293885213362,0.15747432937140754,3.9028550889085569e-05,0.00080501072016631243,-8.76981679319865,81.2469731442132,0.08834993026492503,0.042336107263199453,0.5757575757575758,9.876947464064024,0.088234226997208176,0.0077852788137948593,9.0371345432657915,9.9563477218775489,0.019303436150344768,0.15743813351340119,3.8537130128284539e-05,0.00079550137992495705,-8.730545529187484,80.76251370047291,0.08779194738503589
0.027629088989999988,0.5454545454545454,0.096055372560000005,0.024312263387398215,0.00059108615101822364,0.01436521,0.15801730999999999,0.018063444372761459,0.1811072112827869,2.9258764475402071e-06,7.3163697701210788e-05,-0.1915296129621682,0.49822657932146663,0.02419039663808846,0.027916382799999993,0.5353535353535354,0.6799293555999999,0.025812135612832562,0.00066626634489525905,0.63206923000000004,0.77093299999999998,0.024995646620152693,0.17185675581381885,3.2980184072315322e-06,7.7885638255728628e-05,0.9580837936312114,1.9161383183963743,0.025682750659660785,0.029879559999999968,0.5050505050505051,9.864733639999999,0.03567378014124746,0.0012726185895660619,9.6342679999999987,9.9503020000000006,0.014621823793137614,0.18876316926640122,6.2994620183520096e-06,0.00015551817696334496,-2.4911479793951563,16.187981297661153,0.03549496307464485,0.030085470899024039,0.5252525252525253,9.8886664802837885,0.035961040062498957,0.0012931964023766551,9.6573778874716485,9.9808405501410959,0.01484412193717732,0.18817512222038368,6.4013221917644453e-06,0.0001577540705987879,-2.4090159835835845,15.912149490681458,0.03578078308747432
0.030286651809999995,0.5050505050505051,0.097683429759999996,0.027603940637746262,0.00076197753873221959,0.01436521,0.16998832,0.016856698184708356,0.17316512972800027,3.7717888167244848e-06,9.1025553122909606e-05,-0.1355735151470858,0.3543985816693116,0.02746557414919443,0.02746148960000001,0.5050505050505051,0.67755909520000002,0.026807974525525514,0.00071866749816122493,0.62488663,0.77093299999999998,0.030110525567148848,0.17022956901037364,3.5574041158980648e-06,8.4907629843045793e-05,0.8308293787151981,1.6825846134253473,0.02667359786717219,0.032441390000000021,0.47474747474747475,9.8614296100000001,0.037231460841360073,0.0013861816763817284,9.6342679999999987,9.9503020000000006,0.019998516124436639,0.17541115658129228,6.8615992980895588e-06,0.0001637289633124678,-2.3208634822878236,12.87512472479544,0.03704483580228034,0.032363148894229442,0.47474747474747475,9.8852351208759011,0.037431369796497339,0.0014011074448421334,9.6573778874716485,9.9808405501410959,0.020773014630775865,0.17477370800118153,6.9354818519685613e-06,0.00016483869645836938,-2.2517717373358934,12.806673827599917,0.03724374270120703
0.027509377849999996,0.5454545454545454,0.10012551532000001,0.023799829098685485,0.00056643186512663629,0.040701429999999997,0.16998832,0.013917196157909047,0.17709726043074459,2.803837732376849e-06,6.7232179779201979e-05,0.15499585734583488,0.4699925508269849,0.023680530958476626,0.026743229600000005,0.5353535353535354,0.67545219519999999,0.023426871058562598,0.00054881828759451782,0.62488663,0.73262569999999994,0.011721433753656297,0.17692673702002554,2.7166505235928612e-06,6.3944825091144668e-05,-0.004796775582047959,-0.46303659897994676,0.023309442393986447,0.026527780000000101,0.47474747474747475,9.8614296299999982,0.024494992492861894,0.00060000465722536052,9.7587659999999996,9.9072070000000014,0.021852276753787158,0.17163875515792559,2.9700230532655334e-06,6.9580254617353143e-05,-1.0051178529119078,2.271943285858545,0.02437220980241855,0.025976116691374642,0.47474747474747475,9.885098184233561,0.024352723380732813,0.00059305513605849053,9.7815222725310846,9.9298646778844759,0.022419134320636649,0.16988793461942323,2.9356229234895272e-06,6.8163225451029635e-05,-1.0083452837940934,2.3975652101778975,0.0242306538231618
0.024540568059999997,0.5151515151515151,0.10134655841000001,0.021826956866824569,0.00047641604606622013,0.050278234999999998,0.16041150000000001,0.006591451092459834,0.18416888653017072,2.35825942802779e-06,5.8178579745000376e-05,0.14472280902399787,-0.4008853456926351,0.021717547872758515,0.025354594199999986,0.5151515151515151,0.67284251789999994,0.022419489793791596,0.0005026335226139256,0.61770402999999996,0.73262569999999994,0.024865665871678322,0.18701219008838627,2.4880359369389289e-06,6.4273633405753303e-05,0.009069261698373013,-0.21394191468461532,0.022307110691162726,0.042880120000000306,0.45454545454545453,9.8547018899999994,0.088735523177893433,0.0078739930736544637,9.0093809999999994,9.9239660000000001,0.023572529834498257,0.15751186625341057,3.8976265714589614e-05,0.00080537246790206741,-8.764439655706711,81.05491201516303,0.08829073078708725,0.042667569999587124,0.45454545454545453,9.8782153124375789,0.08855901932493486,0.0078426999037941869,9.0347881035798761,9.9476066495538156,0.024032222742081888,0.15750388514449978,3.8821364523781196e-05,0.00080242852605459756,-8.759112241875501,80.97132371382877,0.08811511167079257
0.024684220200000002,0.47474747474747475,0.10081983378000002,0.024344666430729873,0.00059266278362350602,0.050278234999999998,0.16041150000000001,0.023715396375790277,0.19173105221636136,2.933680778936358e-06,7.6070100648292362e-05,-0.007425313555472662,-0.5792516644309549,0.024222637259127485,0.026743228999999966,0.5151515151515151,0.6728904025000001,0.024421788928396915,0.00059642377446317014,0.61770402999999996,0.73262569999999994,0.040279783251478643,0.17773722128959438,2.9522976835926921e-06,7.2456820528898013e-05,0.20628116709588679,-0.3562993024513901,0.024299373175424476,0.042736390000000096,0.47474747474747475,9.8531456800000008,0.088553225493773674,0.0078416737453511267,9.0093809999999994,9.9239660000000001,0.01321854853004787,0.16195860385938135,3.8816285039488055e-05,0.00080931792974600039,-8.769214941133297,81.12602763237578,0.08810934688157446,0.043277233289335422,0.47474747474747475,9.8766703228727319,0.088475928063113579,0.0078279898466292481,9.0347881035798761,9.9476066495538156,0.013446718817593498,0.16210617630543345,3.8748549740814762e-05,0.00080896634875968513,-8.73366490929712,80.67132216505827,0.08803243690914705
0.022960394759999999,0.46464646464646464,0.097563719250000014,0.022892089246025607,0.00052404775004800128,0.035913024000000002,0.16519992,0.018310705239161472,0.17170135295955108,2.5940363627376065e-06,6.1838212098165433e-05,0.1389776589313148,0.39584772115637934,0.022777341208919034,0.029352903999999992,0.5959595959595959,0.67626622600000019,0.024305444061776343,0.00059075461104013893,0.59615624,0.73262569999999994,0.015739724404676116,0.17804198977474051,2.9242353246486884e-06,7.2189126841273903e-05,-0.05383218431335748,0.21008023279199062,0.02418361149476516,0.024013819999999911,0.5252525252525253,9.8635126500000005,0.02104445613955358,0.00044286913420959432,9.811439,9.9239660000000001,0.014881307470090942,0.17352116961185646,2.1922022143374936e-06,5.2179843145771425e-05,-0.19632385696576748,0.10018961737715104,0.02093896947959709,0.024380254981675994,0.5454545454545454,9.8872054446345512,0.021250664194969977,0.00045159072872737898,9.8339952790232577,9.9471710038535921,0.014663487590123288,0.17540655608287148,2.2353741072005266e-06,5.3834138003127412e-05,-0.16868554773068595,0.025464354408288425,0.02114414390416659
0.021859061380000003,0.4444444444444444,0.099503023020000025,0.021710629621226527,0.00047135143855007864,0.035913024000000002,0.18914193000000001,0.023054003627607227,0.18350047557726204,2.333189620822887e-06,5.9540329137594603e-05,0.7657545970333404,2.7358749442734878,0.021601803724795247,0.028754351000000008,0.5050505050505051,0.67554796410000006,0.029906895376037686,0.00089442239103326444,0.55066640000000011,0.74699090000000001,0.01900298736999638,0.1729836652204618,4.4273908356146622e-06,0.00010412096312730332,-1.0139840631731545,3.463876945814582,0.029756985182019562,0.049895089999999878,0.5050505050505051,9.8694023800000004,0.06959823758490466,0.004843914674924836,9.3852710000000013,10.232818,0.011194651916375515,0.18158978346035493,2.3977377640877941e-05,0.00056712030714731328,-1.7992699332619533,28.961788969796743,0.06924937204174192,0.050201002665179802,0.5454545454545454,9.893059887385121,0.07022976699449994,0.0049322201721017523,9.4018755525796571,10.260429182572883,0.011414294294124638,0.18119720310206849,2.4414489851903683e-05,0.0005760551699523558,-1.8481005600378642,29.52334976585297,0.06987773587045258
0.023750480679999981,0.45454545454545453,0.10445902038,0.022487054706739975,0.00050566762938391641,0.057460839999999999,0.18914193000000001,0.033973822414080458,0.17352597306739881,2.5030547654503864e-06,6.0075606856392418e-05,0.5318409170127527,0.9237031792381556,0.02237433693073556,0.025617950600000002,0.3939393939393939,0.67291434260000005,0.030550670979326251,0.00093334349728704715,0.55066640000000011,0.74699090000000001,0.031426741994778649,0.19091728933595567,4.6200503115708848e-06,0.00012026672471205597,-0.771757722430634,2.4645679203359077,0.030397533819607418,0.067636139999999983,0.5656565656565656,9.8619324350000017,0.098839185711510305,0.0097691846321144218,9.1721869999999992,10.232818,0.022503941472327635,0.17767095729305177,4.8357463928966401e-05,0.00112096574798001,-3.965712029884049,28.882851378624153,0.09834374807680088,0.068235101690215794,0.5858585858585859,9.8854836732739084,0.099216176369241293,0.0098438496533323951,9.1978542266787517,10.260429182572883,0.022981216433410771,0.17748971173388423,4.8727055783995366e-05,0.0011288173954520796,-3.9204811741735432,28.52371875539289,0.0987188490451498
0.024349031510000004,0.494949494949495,0.10050858718000003,0.022119253669480178,0.00048926138289481238,0.057460839999999999,0.16041150000000001,0.035677273270747316,0.17967062494728361,2.4218438453293221e-06,5.9849023693053368e-05,0.10382975894381806,-0.4963963156508946,0.022008379519307283,0.021404164999999996,0.37373737373737376,0.66747950879999995,0.021811671011484863,0.00047574899231324911,0.61530982999999995,0.71586630000000007,0.0094049647026575433,0.17796421658442058,2.3549575119505819e-06,5.7282809011887787e-05,0.13633508592315932,-0.13165820301381936,0.02170233863873008,0.046160300000000182,0.6262626262626263,9.8556596450000011,0.074239737710880244,0.0055115386553802933,9.1721869999999992,9.9143899999999991,0.017475705485974255,0.16078762037550301,2.7282116344132466e-05,0.00057402443563908342,-7.927682867616784,70.37456425929224,0.07386760635641641,0.046297760839844243,0.6464646464646465,9.8787974170859467,0.07406852248341296,0.0054861460228758504,9.1978542266787517,9.9392850941625959,0.017545601980900636,0.16082036449381987,2.7156422813235482e-05,0.00057155604826768843,-7.894417866842185,69.96869590589198,0.07369724935604512
0.024947582319999998,0.5252525252525253,0.094618851279999999,0.022034015438941137,0.00048549783636349635,0.043095630000000003,0.14125789999999999,0.017060489208996624,0.17590172568473814,2.4032142899993081e-06,5.8252994207012856e-05,0.006973187833339557,-0.6571119336331113,0.021923568550759737,0.023558948999999999,0.40404040404040403,0.66577962550000025,0.023408082258629011,0.0005479383150267422,0.55784899999999993,0.71586630000000007,0.0071364092267068753,0.1868818733021714,2.7122946593823732e-06,6.8893397390412819e-05,-0.7184434014078074,3.3276499608981824,0.023290747774094216,0.04345487999999996,0.5454545454545454,9.8560187949999989,0.064205142688785757,0.0041223003476873396,9.2918970000000005,9.9143899999999991,0.0093809838997471074,0.16802839882811146,2.0405386721052329e-05,0.00044851262737630507,-6.995867280864082,58.132292425606074,0.06388331037297977,0.043408263661671019,0.5656565656565656,9.8789813720801867,0.064768066146779601,0.0041949023923936171,9.3088864074713271,9.9362453075157404,0.0091929046732842027,0.16781843717980899,2.076476684234841e-05,0.00045574027421811832,-7.032629170561599,58.56696550061062,0.06444341214173627
0.025737668830000011,0.48484848484848486,0.099622733290000001,0.024960026641360548,0.00062300292993742827,0.043095630000000003,0.16280571999999999,0.033517037324136571,0.16749353760081928,3.0838645031902698e-06,7.0953654877515087e-05,-0.016038834941453813,-0.40814640395130697,0.024834912938000286,0.024636331599999995,0.47474747474747475,0.66843719119999989,0.024102768015899778,0.00058094342602828134,0.55784899999999993,0.71347209999999994,0.02231809508677985,0.18403003306657303,2.8756699588399885e-06,7.220555620616655e-05,-0.8440583689394331,2.9758699206760975,0.02398195137531553,0.03902553999999997,0.494949494949495,9.8586045749999975,0.063151934580217783,0.0039881668412241065,9.2918970000000005,9.9287550000000007,0.02866692303538072,0.16047345851205677,1.9741425864059308e-05,0.00042430230426008381,-7.398376758014117,63.44560075426617,0.06283538153629582,0.038969501671794561,0.494949494949495,9.8817979907579865,0.063768803486270578,0.0040664602980705943,9.3088864074713271,9.9533195928899545,0.02890494170791235,0.16034826342925187,2.0128978475449449e-05,0.0004322599891686721,-7.424943471200877,63.751727030079266,0.06344915834816006
0.013718775939999999,0.25252525252525254,0.1025516399074074,0.024723199302507708,0.00061123658375151753,0.052672440000000001,0.16280571999999999,0.0088193957011352252,0.19086667087059386,5.5547906273714703e-06,9.9888977074446108e-05,0.14585918182026453,-0.16922023841136147,0.02449321105441504,0.013407522799999998,0.30303030303030304,0.67250467518518509,0.021738531312718624,0.00047256374363404807,0.62249242999999999,0.72783730000000002,0.015378120090589196,0.17926082702202514,4.2945607703368541e-06,7.3815847342990557e-05,0.11689830339022604,-0.22548591073173885,0.021536308021487354,0.013048400000000147,0.26262626262626265,9.8678355925925914,0.02306153009988442,0.0005318341705478751,9.811439,9.9287550000000007,0.0111266668882433,0.19018061009996906,4.8331980519611397e-06,8.6959556848885706e-05,0.003911985394467847,0.07182225594806857,0.022846999575694908,0.012955639052554755,0.26262626262626265,9.8913100786478285,0.023222610893394263,0.00053928965670599393,9.8340652264985273,9.9533195928899545,0.010855000448295682,0.19202122166636049,4.9009519556614655e-06,8.9052659255312749e-05,-0.006071545098778111,0.09986717026063552,0.023006581910649797
0.00090979656000000008,0.020202020202020204,0.090979663749999995,0.014231576020036583,0.00020253775601408028,0.074220254999999999,0.107739076,0.12500000000000003,0.55280824656056815,1.8987914626320034e-05,8.397340632334192e-05,3.6166988707979754e-07,-1.2791027846100542,0.012324906369241115,0.001436520000000001,0.04040404040404041,0.68773445,0.027394154194584422,0.00075043968403666736,0.66798230000000003,0.72783730000000002,0.12499999999999997,0.52350005378508091,7.0353720378437548e-05,0.00029464141121674089,0.9975925262352986,-0.7984332513114647,0.023724033447698148,0.00069432000000000825,0.010101010101010102,9.8778780000000008,0.019585276153273351,0.00038358304199997783,9.8497460000000014,9.8952360000000006,0.12499999999999997,0.51439969023719034,3.5960910187497923e-05,0.00014798624848877084,-0.8567007031401598,-0.8287806203995141,0.01696134668886829,0.00069861155481527599,0.010101010101010102,9.9022433614121592,0.020284231880790909,0.00041145006299369424,9.8728348583226904,9.9190121611330095,0.125,0.5184426167919618,3.8573443405658827e-05,0.00015998493550325126,-0.9248807211467607,-0.8149542401600853,0.01756666010501913
