2.503128911138923721e-03,0.000000000000000000e+00,0.000000000000000000e+00,0.000000000000000000e+00,0.000000000000000000e+00,0.000000000000000000e+00,0.000000000000000000e+00,0.000000000000000000e+00,0.000000000000000000e+00,0.000000000000000000e+00,0.000000000000000000e+00,0.000000000000000000e+00,0.000000000000000000e+00,0.000000000000000000e+00,0.000000000000000000e+00,0.000000000000000000e+00,0.000000000000000000e+00,0.000000000000000000e+00,0.000000000000000000e+00,0.000000000000000000e+00,0.000000000000000000e+00,0.000000000000000000e+00,5.882352941176470507e-02,8.510638297872340219e-02,1.013767209011264131e-01,1.276595744680850963e-01,1.126408010012515670e-01,8.886107634543179146e-02,7.133917396745932671e-02,1.814768460575719722e-01,4.743429286608260576e-01,3.441802252816020258e-01,6.132665832290362662e-01,3.291614518147684687e-01,3.566958698372966197e-01,3.429286608260325164e-01,1.289111389236545779e-01,1.489361702127659504e-01,1.301627033792240318e-01,1.727158948685857398e-01,3.566958698372966197e-01,3.842302878598247706e-01,2.978723404255319007e-01,2.878598247809762145e-01,2.015018773466833446e-01,2.090112640801001231e-01,1.652065081351689613e-01,1.739674593241551936e-01,1.727158948685857398e-01,1.914893617021276584e-01,2.102628285356695770e-01,1.914893617021276584e-01,1.839799749687108799e-01,1.902377972465582046e-01,1.814768460575719722e-01,2.015018773466833446e-01,1.789737171464330368e-01,2.090112640801001231e-01,2.027534418022528262e-01,2.015018773466833446e-01,2.202753441802252909e-01,1.889862327909887230e-01,1.977471839799749553e-01,4.618272841051314082e-01,2.503128911138923773e-01,2.077596996245306693e-01,2.140175219023779662e-01,1.339173967459324210e-01,0.000000000000000000e+00,0.000000000000000000e+00
1.095699188306217200e-11,3.649775784638143375e-16,3.649775784638143375e-16,3.649775784638143375e-16,3.649775784638143375e-16,3.649775784638143375e-16,3.649775784638143375e-16,3.649775784638143375e-16,3.649775784638143375e-16,3.649775784638143375e-16,3.649775784638143375e-16,3.649775784638143375e-16,3.649775784638143375e-16,3.649775784638143375e-16,3.649775784638143375e-16,3.649775784638143375e-16,3.649775784638143375e-16,3.649775784638143375e-16,3.649775784638143375e-16,3.649775784638143375e-16,3.649775784638143375e-16,3.649775784638143375e-16,7.317519853075823717e-04,2.013790512020679439e-03,2.735678187847095585e-03,8.673128128653497849e-05,3.007727039481714959e-04,1.875352555468402013e-03,7.587648630096661051e-04,4.433371918876071772e-04,2.316378372957810400e-05,5.256060670217028699e-07,6.503723304897549914e-06,2.499622054768173463e-07,2.609206043484444766e-07,3.140961020622366276e-07,1.780966352231621620e-03,1.956235818603115593e-03,4.325734557911067955e-04,7.936900177146102679e-04,2.350271680238255612e-03,4.581225245140256396e-05,5.528003487639240703e-03,1.215987736397145571e-05,6.782924321652016725e-03,1.207118828468573500e-06,5.705296872052807028e-03,4.441716664434172638e-06,5.523431147211583722e-03,7.533878177264133585e-06,7.401797322526381794e-04,8.079954654359343055e-03,9.748475639062015861e-05,7.531701917214370448e-03,4.053596905607092621e-05,4.749653768779863068e-03,6.028289267429617313e-05,3.404837619986232839e-07,1.956973026130595962e-07,2.166799913410966995e-07,2.103894002137168290e-07,2.069295879591175595e-07,2.269868961107265154e-07,4.019898893648429607e-07,2.400512484580719334e-07,2.084732314290239688e-07,2.146143751873502966e-07,1.077977833375834100e-07,3.649775784638143375e-16,3.649775784638143375e-16
5.132391235127504725e-01,5.366706677868187314e-04,5.366706677868187314e-04,5.366706677868187314e-04,5.366706677868187314e-04,5.366706677868187314e-04,5.366706677868187314e-04,5.366706677868187314e-04,5.366706677868187314e-04,5.366706677868187314e-04,5.366706677868187314e-04,5.366706677868187314e-04,5.366706677868187314e-04,5.366706677868187314e-04,5.366706677868187314e-04,5.366706677868187314e-04,5.366706677868187314e-04,5.366706677868187314e-04,5.366706677868187314e-04,5.366706677868187314e-04,5.366706677868187314e-04,5.366706677868187314e-04,1.045373371170322141e+00,2.921001826407448210e+00,2.476460750515284470e+00,1.036799375018894187e+00,2.320762220333206560e+00,3.273881092274004256e+00,3.295985304897483203e+00,2.432672286331066136e+00,2.096703952145396510e+00,3.109885021215061496e+00,1.820356625717276966e+00,3.278381425873164279e+00,3.304563580624865438e+00,3.151002372296624277e+00,1.478968021719133219e+00,1.947609169268573970e+00,3.113610919526268006e+00,1.638457521767384462e+00,3.489783426291606649e-01,2.775141048401849719e+00,6.775057908659842809e-01,2.436970993135032959e+00,2.472381413912681236e-01,2.540837820820616155e+00,5.993698258997293138e-01,2.570007590741386405e+00,1.100026717335475634e+00,1.330086391670394441e+00,5.022009172173855784e-01,1.314031388164899894e-01,2.824863211377611538e+00,1.004036988565877170e-01,2.198163177796693013e+00,8.124843387462066246e-01,2.680398159595752450e+00,3.159868863410554063e+00,3.279854896981726498e+00,3.292935619642294309e+00,3.260525966137788334e+00,3.252807675537604304e+00,3.269023522889993760e+00,3.237709934124645805e+00,3.253589039055292620e+00,3.290056464725658714e+00,3.260909195368311586e+00,2.444545800065604624e+00,5.366706677868187314e-04,5.366706677868187314e-04
3.473433398219265000e-01,2.499999975000010994e-03,2.499999975000010994e-03,2.499999975000010994e-03,2.499999975000010994e-03,2.499999975000010994e-03,2.499999975000010994e-03,2.499999975000010994e-03,2.499999975000010994e-03,2.499999975000010994e-03,2.499999975000010994e-03,2.499999975000010994e-03,2.499999975000010994e-03,2.499999975000010994e-03,2.499999975000010994e-03,2.499999975000010994e-03,2.499999975000010994e-03,2.499999975000010994e-03,2.499999975000010994e-03,2.499999975000010994e-03,2.499999975000010994e-03,2.499999975000010994e-03,1.985547131559423362e-01,1.516199081126737847e-01,1.524796779597197838e-01,1.948620005627209884e-01,2.851847451549481272e-01,2.109475022260137445e-01,1.884207751053391389e-01,2.058219089449487560e-01,6.293904932913144679e-01,4.088319448375843379e-01,6.531742415512503674e-01,4.201417717723995304e-01,4.391482698029497422e-01,4.059051674272967092e-01,3.400423446307529463e-01,3.491289742168735000e-01,1.663926267834759665e-01,3.457812665049597722e-01,3.328580543819618098e-01,4.053089265344728687e-01,2.447257801373048935e-01,3.259316614237419696e-01,2.550657081526704340e-01,3.026740319323067974e-01,2.770039584373997776e-01,2.658983947236819301e-01,2.877032171278493533e-01,2.587267786893821531e-01,2.815160289084040479e-01,2.749768914507677575e-01,2.854439439365071274e-01,2.583599163099221108e-01,2.910445467389291552e-01,2.255388008937967703e-01,3.360816874027688916e-01,3.042196122384679957e-01,3.248562743225913985e-01,3.148984515770795745e-01,3.252630138401835236e-01,3.218881011015508053e-01,3.186806148784492310e-01,4.796112301447992277e-01,3.811249792168561745e-01,3.242991639599855369e-01,3.119683532488978783e-01,3.196496189105587082e-01,2.499999975000010994e-03,2.499999975000010994e-03
2.939568832713566615e-01,2.293689810950182316e-09,2.293689810950182316e-09,2.293689810950182316e-09,2.293689810950182316e-09,2.293689810950182316e-09,2.293689810950182316e-09,2.293689810950182316e-09,2.293689810950182316e-09,2.293689810950182316e-09,2.293689810950182316e-09,2.293689810950182316e-09,2.293689810950182316e-09,2.293689810950182316e-09,2.293689810950182316e-09,2.293689810950182316e-09,2.293689810950182316e-09,2.293689810950182316e-09,2.293689810950182316e-09,2.293689810950182316e-09,2.293689810950182316e-09,2.293689810950182316e-09,2.159463207041888988e-01,1.832769718061584008e-01,1.784540097677775050e-01,1.967535703335308028e-01,2.559075904440757387e-01,2.268427017229615039e-01,2.365363266142143928e-01,2.419865770351114220e-01,2.335870251823063681e-01,3.045881225928736558e-01,2.266368432496768948e-01,3.080395353368240996e-01,3.044807654048335421e-01,3.039581212559863133e-01,2.310364726974454552e-01,2.323145027677238628e-01,1.239514078715106271e-01,2.126044753950712407e-01,1.978494878688936143e-01,2.242495539676805927e-01,1.866273279305462329e-01,2.336556371049698100e-01,1.707217208175995371e-01,2.357572666068253886e-01,2.003208094007218887e-01,2.163661308920370452e-01,1.982058778499113938e-01,2.280417037106930445e-01,2.014491847072415465e-01,2.072153677327722709e-01,2.223333448235162157e-01,1.894885186760428275e-01,2.212390411553168956e-01,1.570148175561789372e-01,2.692075243386483629e-01,2.470146346920903679e-01,2.534279906395645043e-01,2.536942643360501348e-01,2.584389532863899941e-01,2.598620727873421909e-01,2.557541508781042139e-01,2.856938331823786759e-01,2.653479633584304720e-01,2.534040094194005555e-01,2.543775448744513556e-01,2.600761135869729124e-01,2.293689810950182316e-09,2.293689810950182316e-09
2.468044298503269118e-02,3.301153650857365104e-06,3.301153650857365104e-06,3.301153650857365104e-06,3.301153650857365104e-06,3.301153650857365104e-06,3.301153650857365104e-06,3.301153650857365104e-06,3.301153650857365104e-06,3.301153650857365104e-06,3.301153650857365104e-06,3.301153650857365104e-06,3.301153650857365104e-06,3.301153650857365104e-06,3.301153650857365104e-06,3.301153650857365104e-06,3.301153650857365104e-06,3.301153650857365104e-06,3.301153650857365104e-06,3.301153650857365104e-06,3.301153650857365104e-06,3.301153650857365104e-06,6.619549349247978443e-01,2.322813049717482869e-01,8.923282824364663357e-01,5.574083163347233194e-01,8.327749006005558119e-01,7.613797825551488208e-01,8.099419489631095592e-01,8.259493386397981363e-01,1.491463525916279398e+00,2.594953911514860323e+00,2.310196204672925635e+00,2.698603283646558992e+00,2.833208421725846637e+00,2.476989107757159303e+00,1.785127355829687179e+00,1.778908240184720935e+00,3.593340317823598973e-01,2.040094091564109480e+00,1.809698069278519617e+00,2.369720120416541675e+00,6.435033626210437951e-01,1.524163870823142641e+00,8.757190102691149169e-01,1.762520849235128306e+00,1.116306796995977235e+00,1.295069122033094322e+00,1.075760692040768074e+00,1.667904840586324600e+00,1.149530422335511615e+00,8.661227521285506104e-01,1.569958988016790569e+00,8.276740967749236511e-01,1.420604614396120624e+00,6.508618640048479120e-01,1.462138679306000277e+00,1.993756329590855358e+00,2.370647316308706287e+00,2.239754366220761739e+00,2.356603381117904572e+00,2.277273634488429455e+00,2.305706442110902810e+00,3.166065285513565364e+00,2.750387401049728009e+00,2.378362298316623047e+00,2.258826409026037041e+00,2.323241978949321496e+00,3.301153650857365104e-06,3.301153650857365104e-06
0.000000000000000000e+00,3.444977775562823707e-03,0.000000000000000000e+00,0.000000000000000000e+00,0.000000000000000000e+00,0.000000000000000000e+00,0.000000000000000000e+00,0.000000000000000000e+00,0.000000000000000000e+00,0.000000000000000000e+00,0.000000000000000000e+00,0.000000000000000000e+00,0.000000000000000000e+00,0.000000000000000000e+00,0.000000000000000000e+00,0.000000000000000000e+00,0.000000000000000000e+00,0.000000000000000000e+00,0.000000000000000000e+00,0.000000000000000000e+00,0.000000000000000000e+00,0.000000000000000000e+00,1.660704139791055814e-02,1.226596353223833452e-02,4.547257180730808479e-02,2.189067996753244275e-02,3.226714234654970426e-02,9.713981601538685187e-03,2.435603033857174776e-02,1.654557808128413049e-02,3.190575800228738490e-02,6.862439861721541037e-03,5.538946666638249264e-03,4.697032256495451905e-03,1.609995782944099443e-03,1.692689685110801900e-03,3.374273034499139772e-03,2.587535313642022258e-03,3.050488549219147749e-02,2.658232326466174189e-02,1.162749299347237567e-03,2.291843047373423332e-03,6.408798722340872285e-03,4.569524326440825915e-03,4.194009871983738966e-03,4.142761174389109069e-03,3.447290006941862873e-03,2.826890421336232268e-03,3.167237684828364853e-03,6.539763538557004201e-03,6.838775967096982419e-03,8.182550187531430728e-04,3.383494342487643192e-03,2.971068242865583433e-03,2.320648126962163681e-03,3.078008193769196568e-03,4.323070333051293179e-03,3.695066593744746834e-03,2.628551583762956615e-03,1.637406160559456677e-03,2.124604149120347570e-03,2.194338414759739678e-03,1.986703755724031351e-03,2.857951237267370315e-03,2.246396731167143654e-03,1.920066330226492422e-03,2.188964342551065045e-03,1.650438467945009946e-03,4.774159917988075354e-03,0.000000000000000000e+00
0.000000000000000000e+00,0.000000000000000000e+00,0.000000000000000000e+00,0.000000000000000000e+00,0.000000000000000000e+00,0.000000000000000000e+00,0.000000000000000000e+00,0.000000000000000000e+00,0.000000000000000000e+00,0.000000000000000000e+00,0.000000000000000000e+00,0.000000000000000000e+00,0.000000000000000000e+00,0.000000000000000000e+00,0.000000000000000000e+00,0.000000000000000000e+00,0.000000000000000000e+00,0.000000000000000000e+00,0.000000000000000000e+00,0.000000000000000000e+00,0.000000000000000000e+00,0.000000000000000000e+00,1.074999999999999983e-01,9.249999999999999889e-02,1.074999999999999983e-01,1.199999999999999956e-01,2.500000000000000000e-01,1.000000000000000056e-01,1.174999999999999933e-01,1.150000000000000050e-01,9.124999999999999778e-01,7.950000000000000400e-01,8.649999999999999911e-01,8.425000000000000266e-01,8.499999999999999778e-01,8.225000000000000089e-01,4.625000000000000222e-01,5.625000000000000000e-01,1.400000000000000133e-01,5.350000000000000311e-01,4.699999999999999734e-01,5.725000000000000089e-01,1.925000000000000044e-01,4.274999999999999911e-01,2.099999999999999922e-01,3.900000000000000133e-01,2.174999999999999989e-01,2.424999999999999933e-01,2.200000000000000011e-01,2.149999999999999967e-01,2.200000000000000011e-01,2.049999999999999878e-01,2.374999999999999889e-01,2.049999999999999878e-01,2.625000000000000111e-01,1.925000000000000044e-01,2.800000000000000266e-01,3.150000000000000022e-01,4.000000000000000222e-01,3.300000000000000155e-01,3.775000000000000022e-01,3.699999999999999956e-01,3.750000000000000000e-01,8.625000000000000444e-01,5.324999999999999734e-01,3.900000000000000133e-01,3.699999999999999956e-01,3.499999999999999778e-01,0.000000000000000000e+00,0.000000000000000000e+00
-4.830602508771673342e+01,-5.059644256269407236e+01,-5.059644256269407236e+01,-5.059644256269407236e+01,-5.059644256269407236e+01,-5.059644256269407236e+01,-5.059644256269407236e+01,-5.059644256269407236e+01,-5.059644256269407236e+01,-5.059644256269407236e+01,-5.059644256269407236e+01,-5.059644256269407236e+01,-5.059644256269407236e+01,-5.059644256269407236e+01,-5.059644256269407236e+01,-5.059644256269407236e+01,-5.059644256269407236e+01,-5.059644256269407236e+01,-5.059644256269407236e+01,-5.059644256269407236e+01,-5.059644256269407236e+01,-5.059644256269407236e+01,-2.791926300160602992e+01,-2.854064488612625894e+01,-2.873362161153638894e+01,-3.185308381771696418e+01,-2.918857002297712100e+01,-2.760677809222906021e+01,-2.898727879187944367e+01,-3.034243252182406536e+01,-3.408291832852903980e+01,-3.587375182922321670e+01,-3.472015639208402149e+01,-3.654065519168021581e+01,-3.652713859019294773e+01,-3.629399560922618662e+01,-2.478012974696920523e+01,-2.483441278230289484e+01,-3.116744842012635885e+01,-2.638213137727868940e+01,-2.532999389577070204e+01,-3.026424008887599371e+01,-2.519042637394606388e+01,-3.218064828553247025e+01,-2.488783535001604363e+01,-3.493800620125288958e+01,-2.418153411525601371e+01,-3.328701610166319114e+01,-2.479234613339151849e+01,-3.278167490227077963e+01,-2.741053341811736388e+01,-2.428897207033978489e+01,-2.937143744064070461e+01,-2.413892798471912826e+01,-3.035921092946553657e+01,-2.514553673755658281e+01,-2.995592306812823225e+01,-3.629130831175159244e+01,-3.663764533259688250e+01,-3.669334028556607308e+01,-3.667083241537078209e+01,-3.670509295372751524e+01,-3.647521422653548484e+01,-3.599528750003489108e+01,-3.645645587191197734e+01,-3.659479836855854273e+01,-3.666308536067134582e+01,-3.752009096185221182e+01,-5.059644256269407236e+01,-5.059644256269407236e+01
8.596031871583602602e-01,0.000000000000000000e+00,0.000000000000000000e+00,0.000000000000000000e+00,0.000000000000000000e+00,0.000000000000000000e+00,0.000000000000000000e+00,0.000000000000000000e+00,0.000000000000000000e+00,0.000000000000000000e+00,0.000000000000000000e+00,0.000000000000000000e+00,0.000000000000000000e+00,0.000000000000000000e+00,0.000000000000000000e+00,0.000000000000000000e+00,0.000000000000000000e+00,0.000000000000000000e+00,0.000000000000000000e+00,0.000000000000000000e+00,0.000000000000000000e+00,0.000000000000000000e+00,3.095299752331042153e+00,3.699689011849126796e+00,4.020732380778482273e+00,2.925130767792495590e+00,1.645777408597667524e+00,2.413053063450081304e+00,3.619463275851231732e+00,3.594957069716443687e+00,-5.257404796293880384e-02,1.434318974177756001e+00,-1.120224880343392515e+00,1.327594922178873427e+00,1.064031552656303781e+00,1.364388445833651486e+00,7.829942205392866894e-01,4.465248922949466848e-01,3.430468431528531870e+00,1.645905732119395254e-02,-4.592330460468784792e-01,-6.380181796246957582e-01,1.529150764449730193e+00,9.529651130513385748e-01,9.636957178919903777e-01,1.523878027237422383e+00,1.270164187493433294e+00,1.804045616727171675e+00,4.214549541489924223e-01,2.043240539135759093e+00,5.713371133553111214e-01,1.244139095808800777e+00,1.370620254805885896e+00,1.373157629020838044e+00,1.297088309108485937e+00,1.591652886318420945e+00,1.355705247236385080e+00,1.701663187625401585e+00,1.533600967780803792e+00,1.687750829724215640e+00,1.539730772628765232e+00,1.629563826818790861e+00,1.647828550367679057e+00,4.502983558138499709e-01,9.726363101203768791e-01,1.509841612804899258e+00,1.702600467172578735e+00,1.650480245047735606e+00,0.000000000000000000e+00,0.000000000000000000e+00
-3.162331647439201032e-02,0.000000000000000000e+00,0.000000000000000000e+00,0.000000000000000000e+00,0.000000000000000000e+00,0.000000000000000000e+00,0.000000000000000000e+00,0.000000000000000000e+00,0.000000000000000000e+00,0.000000000000000000e+00,0.000000000000000000e+00,0.000000000000000000e+00,0.000000000000000000e+00,0.000000000000000000e+00,0.000000000000000000e+00,0.000000000000000000e+00,0.000000000000000000e+00,0.000000000000000000e+00,0.000000000000000000e+00,0.000000000000000000e+00,0.000000000000000000e+00,0.000000000000000000e+00,-6.096287757907255939e-02,2.804384561788807462e-01,4.069669032902678008e-01,-4.960198595674793487e-01,2.439092175815676389e-01,4.636880455501415366e-01,6.581515499206633812e-01,2.246444260839929319e-01,1.521352941601385345e+00,-9.907969541525143281e-03,8.535193905133958703e-01,-3.250635244141938940e-01,-2.821198775152585214e-01,-4.223849033277735088e-01,-8.345876582799003351e-01,-1.275146155313247265e+00,-2.005297316915663153e+00,-1.652119061494236929e+00,-2.419962235158516606e+00,-1.296956201795242736e+00,-1.827030442537231458e+00,-1.004500412063218384e+00,-2.755573726806509249e+00,-1.096996423274990251e+00,-1.637390025295505147e+00,-1.278675601794220462e+00,-2.318237553500603454e+00,-8.589311837502544567e-01,-2.424864415964134157e+00,-1.572765549534447915e+00,-1.601452052578649754e+00,-1.647559818656291863e+00,-1.621030097985366236e+00,-2.372847869432379575e+00,-1.381201496368554826e+00,-6.592454294955085725e-01,-3.715487836820192680e-01,-5.616365941925280936e-01,-5.361764107116860911e-01,-4.213444959832713388e-01,-4.261770090827983193e-01,2.065883299525730632e-01,-3.169093312002435048e-01,-4.981891626656989591e-01,-4.202393770188831423e-01,-4.293907088214975465e-01,0.000000000000000000e+00,0.000000000000000000e+00
-1.282747734523044247e-01,0.000000000000000000e+00,0.000000000000000000e+00,0.000000000000000000e+00,0.000000000000000000e+00,0.000000000000000000e+00,0.000000000000000000e+00,0.000000000000000000e+00,0.000000000000000000e+00,0.000000000000000000e+00,0.000000000000000000e+00,0.000000000000000000e+00,0.000000000000000000e+00,0.000000000000000000e+00,0.000000000000000000e+00,0.000000000000000000e+00,0.000000000000000000e+00,0.000000000000000000e+00,0.000000000000000000e+00,0.000000000000000000e+00,0.000000000000000000e+00,0.000000000000000000e+00,-2.243483235810133647e-01,-3.010651452358335534e-01,-1.015058065239152096e+00,-1.067217928937263416e+00,1.311155982957294741e+00,5.651774989777520464e-01,-6.683030203126210100e-01,-1.272685293901540060e+00,-1.531028139809033295e+00,-2.957972809713969586e-01,-6.295569522085457947e-01,-2.457744267935674520e-01,-3.006273413846922704e-01,-6.181609271389163496e-01,-5.950226418766551006e-01,-1.317346704055419870e+00,-1.400215127241419388e+00,-7.116249858628306280e-01,-4.343297050424198003e-01,-6.640981578196937241e-01,-2.568991042960990345e+00,-9.654010520979937615e-01,-1.640308169779342240e+00,-1.289903133916918132e-01,-1.606187165128156513e+00,-6.126598546796770961e-01,-2.001301115207740011e+00,-7.266136258946978010e-01,-1.538879333885582179e+00,-2.203452481186118916e+00,-8.857386529692071742e-01,-1.739652215171376470e+00,-8.548602807196276077e-01,-1.476218369524253005e+00,-9.065993334056706709e-01,-1.204212042854497927e-01,7.093149004085877452e-02,1.705187895475982485e-01,1.037109893576076691e-01,9.342267894143800600e-02,1.270222011605491863e-01,-7.838057303482996729e-02,1.473256603855736535e-01,2.175549846031673770e-02,2.767718098641621660e-01,2.888836906503254309e-01,0.000000000000000000e+00,0.000000000000000000e+00
1.000698961299173601e-01,0.000000000000000000e+00,0.000000000000000000e+00,0.000000000000000000e+00,0.000000000000000000e+00,0.000000000000000000e+00,0.000000000000000000e+00,0.000000000000000000e+00,0.000000000000000000e+00,0.000000000000000000e+00,0.000000000000000000e+00,0.000000000000000000e+00,0.000000000000000000e+00,0.000000000000000000e+00,0.000000000000000000e+00,0.000000000000000000e+00,0.000000000000000000e+00,0.000000000000000000e+00,0.000000000000000000e+00,0.000000000000000000e+00,0.000000000000000000e+00,0.000000000000000000e+00,-4.758201034805877860e-01,-3.068143585819981256e-01,-1.283848808561039112e+00,-1.272854816069289852e+00,-2.732130127909848105e-01,-8.030698662307503843e-01,-7.949072450799896661e-01,-7.952499607385312697e-01,-5.091116117364000715e-01,-1.614484498498763854e-01,3.268749705889910651e-01,1.056867661714906842e-01,1.540502417927872014e-02,-2.220440711550971113e-01,-9.432828413234661813e-01,-3.244791488911156208e-01,-5.455374879282587353e-01,-1.986392912209439254e-01,7.450351795179689651e-02,-4.481299875042003000e-01,-1.539104135437102949e-01,-4.434234219750285977e-01,-7.986498692138379596e-01,-3.029487473650345764e-01,1.536229815766917972e-01,-4.463838268483429350e-01,-4.388163492863297876e-01,-5.680062813222815921e-01,5.844897833747011301e-02,9.276545788478827992e-02,-2.649423790272102675e-02,2.982066211104819620e-01,-2.990654260943599943e-02,-5.393535078710450792e-01,-2.167765931389546985e-01,-1.666747745015002280e-01,-1.670651022259801444e-01,-2.258900061910909529e-02,-2.594180558819408552e-02,-7.155295395027247429e-02,-1.169324623479565811e-01,-7.380063992435435816e-02,-2.860485821034866594e-01,-3.115177339157713110e-01,-2.290516793896847092e-01,-6.181111208337137369e-02,0.000000000000000000e+00,0.000000000000000000e+00
3.757202345659126780e-02,0.000000000000000000e+00,0.000000000000000000e+00,0.000000000000000000e+00,0.000000000000000000e+00,0.000000000000000000e+00,0.000000000000000000e+00,0.000000000000000000e+00,0.000000000000000000e+00,0.000000000000000000e+00,0.000000000000000000e+00,0.000000000000000000e+00,0.000000000000000000e+00,0.000000000000000000e+00,0.000000000000000000e+00,0.000000000000000000e+00,0.000000000000000000e+00,0.000000000000000000e+00,0.000000000000000000e+00,0.000000000000000000e+00,0.000000000000000000e+00,0.000000000000000000e+00,-1.769031697236022049e-01,-3.424032471854883686e-01,-8.986935888323365207e-01,-5.865364292778637578e-01,4.138930765014893765e-01,2.410859766481017810e-02,-2.072130922765310357e-01,-1.644862226628398816e-01,2.504880566507613690e-02,-1.246918819907849585e-01,-1.707598276244113589e-01,-3.647198580512240329e-01,-3.421045761778138128e-01,-3.346391142119951589e-01,1.513518796285930057e-01,2.231784465092646608e-01,2.439633237373254049e-01,8.116103429836144523e-01,1.249741742888171414e+00,9.570623510120419564e-01,6.048572628045533195e-01,7.351058569089662376e-01,1.191418524988997030e+00,6.252316240057343988e-01,8.719265767532491385e-01,3.306911909465620747e-01,8.575392487635853378e-01,-1.702278585793650101e-01,5.604767997910700128e-01,1.018097809638470519e+00,4.163589543165193696e-01,1.050034009655703260e+00,2.661303707343969926e-01,6.452951303016136730e-01,1.335538940957475829e-01,-7.737625616840613455e-04,-6.988661107357971303e-02,-2.085320317806874935e-01,-1.431603745980936648e-01,-2.716399765485161613e-02,7.009614259979747575e-02,1.753526518958467839e-01,1.268700429985681610e-01,-8.596757420114531367e-02,-1.717496785339323317e-01,-5.516080002250751263e-02,0.000000000000000000e+00,0.000000000000000000e+00
-5.746349521539140942e-02,0.000000000000000000e+00,0.000000000000000000e+00,0.000000000000000000e+00,0.000000000000000000e+00,0.000000000000000000e+00,0.000000000000000000e+00,0.000000000000000000e+00,0.000000000000000000e+00,0.000000000000000000e+00,0.000000000000000000e+00,0.000000000000000000e+00,0.000000000000000000e+00,0.000000000000000000e+00,0.000000000000000000e+00,0.000000000000000000e+00,0.000000000000000000e+00,0.000000000000000000e+00,0.000000000000000000e+00,0.000000000000000000e+00,0.000000000000000000e+00,0.000000000000000000e+00,-3.669066253152672985e-01,-2.805230813318957961e-01,-7.371870048113743877e-03,1.069284893447580015e-01,-5.037614104611167765e-01,-2.144525687279738579e-01,-3.774287803969616495e-01,-3.932978351909050541e-01,-5.941407907844429293e-01,-9.059031644769457992e-02,2.468706077299805124e-02,5.589353837568573208e-02,-1.227084602002567401e-02,1.858493244304210978e-01,-2.226570731292676075e-01,-4.228121227852476571e-01,6.011341809164824079e-01,-4.792242200639960092e-01,3.769492035871461338e-02,2.431766298688030348e-01,-7.875102531388200600e-01,-1.241497166718303208e-01,-7.486132364568243158e-01,1.880172207137683626e-01,-5.416701715948358808e-01,2.218666480456635282e-01,-5.480928613232941560e-01,-4.159337618728019548e-01,-1.902476671513071149e-01,-6.678091714360118170e-01,-4.078329546318271159e-01,-4.609467349236019973e-01,-2.116371053898567500e-01,-2.846387506851775218e-01,2.839443104026043163e-02,1.792874772251943916e-01,-1.018746898769339326e-01,-1.048323240125870887e-02,-5.983750027895191198e-02,2.166782733617494267e-02,-1.738465288965791722e-02,-3.242590857627521972e-01,-3.623458943773248397e-01,-1.531484939036345527e-01,-5.693821091767475862e-02,1.416614170536483266e-02,0.000000000000000000e+00,0.000000000000000000e+00
7.425614434605741498e-02,0.000000000000000000e+00,0.000000000000000000e+00,0.000000000000000000e+00,0.000000000000000000e+00,0.000000000000000000e+00,0.000000000000000000e+00,0.000000000000000000e+00,0.000000000000000000e+00,0.000000000000000000e+00,0.000000000000000000e+00,0.000000000000000000e+00,0.000000000000000000e+00,0.000000000000000000e+00,0.000000000000000000e+00,0.000000000000000000e+00,0.000000000000000000e+00,0.000000000000000000e+00,0.000000000000000000e+00,0.000000000000000000e+00,0.000000000000000000e+00,0.000000000000000000e+00,-3.119714916124171067e-01,-2.590319321596680144e-02,1.412716977075371139e-01,3.674130687690184693e-01,-7.101498602609114252e-01,-1.878417287861996743e-01,-1.147617145909252817e-01,1.885110016731320060e-01,5.443371528338275533e-01,1.713685275334849989e-01,5.895626938281438995e-02,-1.832739906966462384e-01,-2.508036671487343661e-01,-1.122589571857278840e-01,4.000796882348428007e-01,1.792872416193529717e-01,-6.028908155425107829e-01,-3.422262435057542573e-01,2.982731621309110681e-02,-3.060310765500389718e-01,1.565888641926186375e-01,-5.063184005795242637e-01,3.766544870155195124e-01,-1.960040154085789244e-01,1.401941212952346472e-01,-1.268838523776506973e-02,1.213828219365246375e-01,5.914612658091768227e-02,-1.223855508839522821e-01,-3.426733077083635171e-02,-1.232542606224850540e-01,1.471287902441303919e-01,-3.695424648388715653e-03,-1.891351267316584150e-01,-2.075211999208225466e-01,4.772266595951184243e-02,-6.611901731654155553e-03,3.091780986902941449e-03,-1.511383519165331868e-01,-1.760961482016505653e-01,-6.111045652519518645e-02,4.514473060717898167e-02,-1.023274550096870371e-02,-1.920494669286454958e-01,-9.179026979435568612e-02,-3.623512124185590544e-02,0.000000000000000000e+00,0.000000000000000000e+00
-2.239592943279474987e-02,0.000000000000000000e+00,0.000000000000000000e+00,0.000000000000000000e+00,0.000000000000000000e+00,0.000000000000000000e+00,0.000000000000000000e+00,0.000000000000000000e+00,0.000000000000000000e+00,0.000000000000000000e+00,0.000000000000000000e+00,0.000000000000000000e+00,0.000000000000000000e+00,0.000000000000000000e+00,0.000000000000000000e+00,0.000000000000000000e+00,0.000000000000000000e+00,0.000000000000000000e+00,0.000000000000000000e+00,0.000000000000000000e+00,0.000000000000000000e+00,0.000000000000000000e+00,3.751085399782779772e-01,2.822682319873289214e-01,2.518705917173024722e-01,3.627330167633153191e-01,8.854171288221977798e-02,-3.677788902365692475e-02,-2.720329061366318357e-01,1.274624332703776231e-01,-4.256581071450563636e-01,-3.341416857189164480e-01,-7.402116226641149155e-02,6.170705555041565427e-02,4.298296502227194789e-03,3.002110547936301735e-02,3.318781977353288393e-01,-4.032353837818239972e-01,-7.291090065801200115e-01,-7.145012693615866439e-01,-3.851949687917305409e-01,-1.988683156584936107e-02,-4.297639559610472726e-01,-2.139363727461458808e-02,-3.024701853138995200e-01,-3.097749178509573431e-01,-1.106512905339181174e-01,-9.229464352344855793e-02,-4.925310153971002025e-02,1.003438508447282440e-01,2.694436676910608730e-01,5.435381247618581435e-02,-2.577038280982966723e-01,-9.796594551126076855e-02,-3.218608747241873402e-01,-3.777583026560620838e-01,-3.867787438568927039e-01,-7.810036169188314115e-02,-1.872844127956773894e-02,-9.947199934203106164e-02,-6.836693730255371387e-03,2.344810103230497711e-02,-6.343579286973119458e-02,7.170128350975300824e-02,-1.297102709617425076e-01,-7.706835750251411765e-02,8.235161433227392025e-02,1.451641186619439805e-01,0.000000000000000000e+00,0.000000000000000000e+00
3.621908734109454547e-02,0.000000000000000000e+00,0.000000000000000000e+00,0.000000000000000000e+00,0.000000000000000000e+00,0.000000000000000000e+00,0.000000000000000000e+00,0.000000000000000000e+00,0.000000000000000000e+00,0.000000000000000000e+00,0.000000000000000000e+00,0.000000000000000000e+00,0.000000000000000000e+00,0.000000000000000000e+00,0.000000000000000000e+00,0.000000000000000000e+00,0.000000000000000000e+00,0.000000000000000000e+00,0.000000000000000000e+00,0.000000000000000000e+00,0.000000000000000000e+00,0.000000000000000000e+00,3.075446091576050089e-01,4.652051949756069171e-01,-2.128995181958623015e-02,-1.031772502221917215e-01,-6.138207282319760871e-01,-1.192662326939004508e-01,-7.825569202913965627e-01,-2.841270616598374210e-01,4.867545853871629857e-01,2.288689087876550898e-01,-1.752431287220272693e-01,-1.851942076196987363e-01,-2.916264417523326546e-01,-2.581952232208988285e-01,-5.561385123342721393e-02,-9.425450261317744327e-02,-3.647507108583015745e-01,-6.305564511773405212e-02,-2.992595226628764205e-01,-8.774753779644349494e-02,-8.733072759211195357e-02,-5.245447591417377042e-01,-7.725917490454470770e-04,-2.493245309977437929e-01,-5.617378270239815896e-02,-5.154353477341059447e-02,1.023865831517729308e-01,2.058542232429115548e-01,9.353024553052594059e-02,2.070319183325661921e-02,-4.846574019552243873e-01,-4.845993549800221567e-01,-3.298770029035576479e-01,-8.029556439909878163e-02,-4.834344263965852928e-01,-1.936921837212683961e-01,-1.556688785460697833e-01,-1.912921068416340367e-02,-1.925548617778193583e-01,-2.270886551158546873e-01,-2.698140167910944437e-02,-1.261375515885030350e-03,-3.188102879402814338e-01,-1.081429002247155241e-01,-1.569406545799721941e-01,-1.172120346096186122e-01,0.000000000000000000e+00,0.000000000000000000e+00
5.625172136113592430e-02,0.000000000000000000e+00,0.000000000000000000e+00,0.000000000000000000e+00,0.000000000000000000e+00,0.000000000000000000e+00,0.000000000000000000e+00,0.000000000000000000e+00,0.000000000000000000e+00,0.000000000000000000e+00,0.000000000000000000e+00,0.000000000000000000e+00,0.000000000000000000e+00,0.000000000000000000e+00,0.000000000000000000e+00,0.000000000000000000e+00,0.000000000000000000e+00,0.000000000000000000e+00,0.000000000000000000e+00,0.000000000000000000e+00,0.000000000000000000e+00,0.000000000000000000e+00,2.489756844203439845e-01,9.578751635911085527e-02,-4.740766846540345192e-01,-4.868859493094078728e-01,-3.316847304278393582e-01,-3.892052682206596503e-01,-5.948606860696521448e-01,-7.733425972640661783e-01,-2.808688713943719439e-01,-2.310398756769048434e-01,1.601759840082861708e-01,-3.126173492884601335e-02,-9.042604817279063789e-02,-1.269431402674391779e-02,-8.051899938134617074e-02,-3.789457116552157889e-01,-6.063854811525799526e-01,-4.589559700445894341e-01,-2.297586942172296087e-01,-2.631151352134765697e-01,-8.627449888553513635e-02,-1.026594010296057874e-01,-3.502607060074856560e-01,-1.776017381837152742e-02,-3.726115559193215465e-01,1.526175363450251732e-01,-3.174882846463651931e-01,1.296176008151616599e-01,6.603288263122560064e-02,-2.967841626535407396e-01,-3.319979985323727734e-01,-1.745923218229362417e-01,4.313554390184359821e-02,-1.297660307307447747e-01,3.408135116618211946e-02,-4.574826642306924207e-02,-6.785067295873745130e-02,-1.119224922781532211e-01,-7.495760968344510056e-02,-1.034417784143607938e-01,2.866639754135775348e-02,1.249289344261460127e-01,-1.122690941086925409e-01,-1.055226491532959970e-01,-1.048419485244265065e-01,1.476126874665257549e-01,0.000000000000000000e+00,0.000000000000000000e+00
9.204370961151722708e-02,0.000000000000000000e+00,0.000000000000000000e+00,0.000000000000000000e+00,0.000000000000000000e+00,0.000000000000000000e+00,0.000000000000000000e+00,0.000000000000000000e+00,0.000000000000000000e+00,0.000000000000000000e+00,0.000000000000000000e+00,0.000000000000000000e+00,0.000000000000000000e+00,0.000000000000000000e+00,0.000000000000000000e+00,0.000000000000000000e+00,0.000000000000000000e+00,0.000000000000000000e+00,0.000000000000000000e+00,0.000000000000000000e+00,0.000000000000000000e+00,0.000000000000000000e+00,-4.329027111826184993e-02,-6.513822971351090896e-02,-4.759977650203993105e-01,-3.571651209438643781e-01,-3.651630511238776466e-01,-3.251023827340687178e-01,-5.800679015326942745e-01,-7.857101725551989269e-01,2.705714035000575390e-01,3.389292335240535192e-01,1.462920356901935004e-01,-1.134412261269680394e-01,-2.087696819713578678e-01,-1.024691339208779750e-01,-1.315962455178206203e-01,-3.768153250528430420e-01,2.744148226413729574e-01,6.301771372414508021e-02,-1.176463620720318154e-01,2.726862308317246769e-03,-7.472970419104529513e-03,3.630230786550446842e-01,-3.659779864480472433e-02,3.956043891327962747e-01,1.788436732403662355e-01,1.507784946830465211e-01,2.659583688497973442e-01,1.106564151894278702e-01,4.795321631330714540e-01,1.292119681253988128e-01,1.293774315596173674e-01,1.402292759744645512e-01,1.994393291110434507e-01,1.231318141181447501e-01,-3.150825591469563064e-02,2.504451604392967656e-01,1.099091612909965576e-03,-4.570466054990172944e-02,-6.322743166971367401e-02,-1.067514996150903533e-01,-3.336876264771780620e-02,-7.689726764382254220e-02,-7.423965311057177663e-02,1.896207011132328493e-02,-5.389749578395940099e-02,-1.317005096789001239e-01,0.000000000000000000e+00,0.000000000000000000e+00
8.793793583589484819e-02,0.000000000000000000e+00,0.000000000000000000e+00,0.000000000000000000e+00,0.000000000000000000e+00,0.000000000000000000e+00,0.000000000000000000e+00,0.000000000000000000e+00,0.000000000000000000e+00,0.000000000000000000e+00,0.000000000000000000e+00,0.000000000000000000e+00,0.000000000000000000e+00,0.000000000000000000e+00,0.000000000000000000e+00,0.000000000000000000e+00,0.000000000000000000e+00,0.000000000000000000e+00,0.000000000000000000e+00,0.000000000000000000e+00,0.000000000000000000e+00,0.000000000000000000e+00,-3.652466691124852671e-01,-1.418443747423334678e-01,-5.313659202548707272e-01,-1.728171914372712836e-01,-5.345050568484730480e-01,-7.923081023136436807e-01,-6.908280539731366521e-02,-6.095796225261453788e-02,-1.560134601652375941e-01,-8.925525884415159983e-02,-2.372685955714402550e-01,-8.095888995455041703e-02,-1.753388435207336449e-01,-1.586207445312956821e-01,-2.477981937153636849e-01,-6.000287973692446791e-02,7.803483168830742667e-01,4.890293346370402916e-01,2.000782566631119086e-01,-9.461718641034881638e-02,-4.244359000729440445e-02,-1.097147179780162268e-01,2.438664488417216503e-01,-1.028135434092373457e-01,-1.585817961834546375e-01,3.300923787059238668e-02,9.150989097580089493e-02,1.686253489443864384e-01,1.100742583595888668e-01,-1.819800218217593538e-02,1.640149831986343898e-01,-1.406257964111950753e-01,5.116788742190999523e-02,2.526250042326320111e-01,1.605135983331092420e-01,7.448998886858307356e-02,2.756016697386007297e-02,-9.397724055423394007e-02,-1.623057263565739483e-01,-4.385647539326451017e-02,-1.655617833521649263e-01,-2.064644285379522159e-01,-6.146748084233600445e-02,-1.266350379870694043e-01,-1.799888613103042823e-02,-1.000627031449136395e-01,0.000000000000000000e+00,0.000000000000000000e+00
1.302149246145317685e-02,5.500734065877569204e-35,5.500734065877569204e-35,5.500734065877569204e-35,5.500734065877569204e-35,5.500734065877569204e-35,5.500734065877569204e-35,5.500734065877569204e-35,5.500734065877569204e-35,5.500734065877569204e-35,5.500734065877569204e-35,5.500734065877569204e-35,5.500734065877569204e-35,5.500734065877569204e-35,5.500734065877569204e-35,5.500734065877569204e-35,5.500734065877569204e-35,5.500734065877569204e-35,5.500734065877569204e-35,5.500734065877569204e-35,5.500734065877569204e-35,5.500734065877569204e-35,5.839772279088458959e-03,1.985307734229422878e-03,2.413545581704415119e-02,4.777103208657400291e-02,1.287088603244307683e-01,3.335089368679226840e-02,2.559175464422042134e-02,5.178380480339032921e-02,8.484146823851952506e-04,7.237868588435320168e-03,6.463478899768793258e-04,2.084889814851296347e-02,5.237939279901344773e-03,9.988793266012239297e-03,1.501105294690605226e-02,7.999070952709054494e-03,5.856250524571735786e-04,2.268525096634680261e-03,2.392581565363551509e-03,2.234044407315206870e-03,3.339480314659046788e-03,2.195369999264939424e-03,3.644063769355247381e-03,1.581788373433524542e-03,3.628393183042900438e-03,4.023519368773788990e-03,3.124121012094353399e-03,5.785168030852548202e-03,2.380692223253724326e-03,3.346172033089027734e-03,3.070257777231107880e-03,2.945758845377554561e-03,2.178418877345350124e-03,1.776017129322079698e-03,2.042868954229651226e-03,1.366993576851499928e-02,1.654317817389778372e-02,1.205714804970603980e-02,5.930923846577645063e-03,6.345746159184074107e-03,1.958136591255145442e-02,1.276123668868149250e-02,2.598499692924864310e-02,2.547253031048076627e-02,1.331907464230681036e-02,2.193615951836172875e-02,5.500734065877569204e-35,5.500734065877569204e-35
5.677851943616356312e-03,1.226708242633199207e-37,1.226708242633199207e-37,1.226708242633199207e-37,1.226708242633199207e-37,1.226708242633199207e-37,1.226708242633199207e-37,1.226708242633199207e-37,1.226708242633199207e-37,1.226708242633199207e-37,1.226708242633199207e-37,1.226708242633199207e-37,1.226708242633199207e-37,1.226708242633199207e-37,1.226708242633199207e-37,1.226708242633199207e-37,1.226708242633199207e-37,1.226708242633199207e-37,1.226708242633199207e-37,1.226708242633199207e-37,1.226708242633199207e-37,1.226708242633199207e-37,8.666508325445207959e-04,7.634220181841862903e-04,1.377624685158261586e-02,5.435078969071668181e-02,5.400843475799244064e-02,3.422721161162551283e-03,5.341473155218562363e-02,6.491779714515034938e-02,8.506816876584179970e-04,1.904786708289918579e-03,6.346529927765327296e-04,9.216672195235919851e-03,1.161582644882162146e-02,5.280994774623293253e-03,8.284516665554128578e-02,3.204676061603565357e-02,3.138040394764680507e-03,8.366055032231950244e-04,1.619011897986057102e-03,2.375573513820959486e-03,3.983490776746578636e-03,2.685146913061307785e-03,4.093332686752460328e-03,3.403941168613446727e-03,2.768249135484282617e-03,1.963071137177185670e-03,2.951879895642460071e-03,1.249132256579606323e-03,7.379570854263654400e-04,2.202872369039429040e-03,1.351787059916854808e-03,3.137700703375964455e-03,3.172942324739047495e-03,2.046503180458331302e-03,3.780046754980106657e-03,6.596501301574539053e-03,6.539637264294243663e-03,1.599721658474086150e-02,3.260584825170704387e-02,1.303186235259506075e-02,6.809837214680204177e-03,1.538218234079599287e-03,8.123592099657527682e-03,8.318874163943874508e-03,7.116834374939104771e-03,4.435115275468458698e-03,1.226708242633199207e-37,1.226708242633199207e-37
2.707262635628129507e-02,0.000000000000000000e+00,0.000000000000000000e+00,0.000000000000000000e+00,0.000000000000000000e+00,0.000000000000000000e+00,0.000000000000000000e+00,0.000000000000000000e+00,0.000000000000000000e+00,0.000000000000000000e+00,0.000000000000000000e+00,0.000000000000000000e+00,0.000000000000000000e+00,0.000000000000000000e+00,0.000000000000000000e+00,0.000000000000000000e+00,0.000000000000000000e+00,0.000000000000000000e+00,0.000000000000000000e+00,0.000000000000000000e+00,0.000000000000000000e+00,0.000000000000000000e+00,4.062535320780198342e-03,9.947459071612822952e-04,3.328179129355062372e-03,1.321483637103508177e-02,8.405497747837246611e-03,2.446624662706685209e-03,4.507478054467847078e-02,1.566264693175643472e-02,9.407026354421750818e-04,3.378067066883018443e-03,6.126874851080286143e-04,1.205028419260657097e-02,8.033540084143784427e-03,1.200440816643485141e-02,1.273366772912565455e-02,2.622051624060010074e-03,3.458071471124439435e-03,4.330499134759041406e-03,1.545236693170294563e-03,8.420798309165866691e-03,6.081964704320863384e-03,1.191247876733029197e-02,5.202831751312001970e-03,6.736313061466296312e-03,3.626457975868737846e-03,1.522179103975079481e-02,2.849528881857295130e-03,4.862534914061980573e-03,2.363558476140832903e-03,3.004981494292013455e-03,1.369012822203516215e-02,5.450717295411884079e-03,1.717372345217270391e-02,6.682170362199846801e-03,2.351127630316579217e-02,2.019794775459111610e-02,1.975607273420242407e-02,3.493789975567071493e-02,1.145500423482598805e-02,1.149372951456874466e-02,2.004656564166008501e-02,7.153783656965287223e-03,6.168416739728599905e-03,2.352936362481829885e-02,2.097551206362315360e-02,2.064534660452228484e-02,0.000000000000000000e+00,0.000000000000000000e+00
1.472476341561891784e-02,0.000000000000000000e+00,0.000000000000000000e+00,0.000000000000000000e+00,0.000000000000000000e+00,0.000000000000000000e+00,0.000000000000000000e+00,0.000000000000000000e+00,0.000000000000000000e+00,0.000000000000000000e+00,0.000000000000000000e+00,0.000000000000000000e+00,0.000000000000000000e+00,0.000000000000000000e+00,0.000000000000000000e+00,0.000000000000000000e+00,0.000000000000000000e+00,0.000000000000000000e+00,0.000000000000000000e+00,0.000000000000000000e+00,0.000000000000000000e+00,0.000000000000000000e+00,1.844276165932688975e-03,1.020504340884815370e-03,8.544899559194085682e-04,9.568745534285817440e-04,5.535821178391075147e-03,1.887294878904816628e-03,3.172539834167735495e-02,5.056181026290588500e-03,2.309992056611575532e-03,4.791122684564170196e-03,1.300276755357882312e-03,9.197270254698622013e-03,5.593665394886957604e-03,2.263954920015040159e-02,3.868301351111558435e-03,5.173563111215694586e-03,6.960940283971454867e-02,1.953006186661483679e-02,5.846129610332572932e-03,3.584569703562013893e-03,9.743649906667917887e-03,3.549595531213374077e-03,9.599807744217201885e-03,2.632745551444518745e-02,7.297341242865583270e-03,1.325258764523227703e-02,4.594548043451265537e-03,3.880510044175123838e-03,7.141352764125358590e-03,5.029264439402313450e-03,1.477425780120932355e-02,8.054138472565081433e-03,2.097991244059994181e-02,1.035306807932455560e-02,1.092052076111870232e-02,1.297484661043830576e-02,3.157305708641486297e-02,2.916587012370624662e-02,1.169799346574808621e-02,2.499403448553001728e-02,4.518841084436966103e-03,3.808770841925690140e-03,1.446047399139367348e-02,7.728016208008890373e-03,2.331258274864118213e-02,1.352752172413700452e-02,0.000000000000000000e+00,0.000000000000000000e+00
2.543261306754890372e-02,0.000000000000000000e+00,0.000000000000000000e+00,0.000000000000000000e+00,0.000000000000000000e+00,0.000000000000000000e+00,0.000000000000000000e+00,0.000000000000000000e+00,0.000000000000000000e+00,0.000000000000000000e+00,0.000000000000000000e+00,0.000000000000000000e+00,0.000000000000000000e+00,0.000000000000000000e+00,0.000000000000000000e+00,0.000000000000000000e+00,0.000000000000000000e+00,0.000000000000000000e+00,0.000000000000000000e+00,0.000000000000000000e+00,0.000000000000000000e+00,0.000000000000000000e+00,2.665598094841721642e-03,1.630021550422628644e-03,3.299487600575114416e-04,1.302727749480760058e-03,2.295829279539783347e-03,6.203840223343077718e-04,1.539546311435675829e-02,6.203464452121586160e-04,1.040985821844148855e-03,6.160531709434723981e-03,1.051859375983634024e-03,3.783086291277170526e-03,2.646280580027094483e-03,4.025244203617690288e-03,1.775585932460751071e-03,1.097454992985873092e-03,4.898649172292218051e-02,4.390516584531578212e-03,6.580710813635534846e-03,5.048332355469912179e-03,1.408863786756544938e-02,3.032897508529757910e-03,1.404258328990787459e-02,6.097739401731016966e-03,1.073723526587144241e-02,9.370691702319201496e-03,8.742796252573768051e-03,1.357102482292721693e-02,7.945676266381171068e-03,9.825998350083381405e-03,1.320346298181798023e-02,1.222396914936175680e-02,5.296577220655768192e-03,1.549738234916961561e-02,6.061060587288088879e-03,2.182640146844439660e-02,1.678694990376418394e-02,1.257616718792968664e-02,1.436563817031753267e-02,6.412110567578075196e-03,1.381860183904638252e-02,5.994240110473014055e-03,5.078337615968378342e-03,7.199741997797322150e-03,9.211197716560893048e-03,9.393255814139545370e-03,0.000000000000000000e+00,0.000000000000000000e+00
1.434985836905196613e-02,8.635959869521005306e-38,8.635959869521005306e-38,8.635959869521005306e-38,8.635959869521005306e-38,8.635959869521005306e-38,8.635959869521005306e-38,8.635959869521005306e-38,8.635959869521005306e-38,8.635959869521005306e-38,8.635959869521005306e-38,8.635959869521005306e-38,8.635959869521005306e-38,8.635959869521005306e-38,8.635959869521005306e-38,8.635959869521005306e-38,8.635959869521005306e-38,8.635959869521005306e-38,8.635959869521005306e-38,8.635959869521005306e-38,8.635959869521005306e-38,8.635959869521005306e-38,2.957187991463001986e-03,1.500586853465879283e-03,1.374842923061870030e-03,6.427608128149485183e-04,1.164454676281292999e-03,9.689602632971784863e-04,1.168147150660061792e-02,6.310680944041406615e-03,7.335404312259290703e-04,9.295386891090509640e-03,4.782035751282824165e-04,1.073418974903968086e-02,4.942095643224945177e-03,1.343487126600631867e-02,1.780133212357082372e-03,4.096379604319661839e-03,7.919392604415705778e-03,5.408501031962033301e-03,1.074771205858384392e-02,5.602158418320079408e-03,1.367655974581030200e-02,4.435390652207139156e-02,1.223615692614450808e-02,1.378588980974158017e-02,1.199403880726101525e-02,3.326877534402875904e-03,1.355775174542355258e-02,2.131072013670561125e-03,7.220862805047583918e-03,1.119878159335931100e-02,9.030350725888208405e-03,1.275473584559209082e-02,9.600522235559292780e-03,1.728601634293190983e-02,6.957537591551484629e-03,8.960737982888510034e-03,1.433403686265287587e-02,6.391342702771648544e-03,1.299782649652087875e-02,9.695671130528016671e-03,1.281704526337453659e-02,3.253731220236228718e-03,3.375748063977722455e-03,6.924177821559052669e-03,2.171806948499345816e-02,8.824601146235939650e-03,8.635959869521005306e-38,8.635959869521005306e-38
2.454558371281887613e-02,1.630894904414871918e-35,1.630894904414871918e-35,1.630894904414871918e-35,1.630894904414871918e-35,1.630894904414871918e-35,1.630894904414871918e-35,1.630894904414871918e-35,1.630894904414871918e-35,1.630894904414871918e-35,1.630894904414871918e-35,1.630894904414871918e-35,1.630894904414871918e-35,1.630894904414871918e-35,1.630894904414871918e-35,1.630894904414871918e-35,1.630894904414871918e-35,1.630894904414871918e-35,1.630894904414871918e-35,1.630894904414871918e-35,1.630894904414871918e-35,1.630894904414871918e-35,3.278790729861349052e-03,1.871887396237048194e-03,1.013024513681527392e-03,1.063342524312552899e-03,1.064259853522531857e-03,1.232297453970823860e-03,3.332981155132537510e-03,6.658013018386525327e-04,3.285184379397140461e-03,1.017075816078782426e-02,2.756304402006437473e-03,3.135022963697929078e-03,6.715826303472507801e-03,3.646679559201354819e-03,1.242253356490719517e-02,9.320200461315989587e-03,1.049285667647098692e-03,9.704419326878536978e-03,1.101444543573510716e-02,5.279690150863768604e-03,1.384429172159933573e-02,8.114666106956998359e-03,1.194873825545355109e-02,1.055654138728166595e-02,1.151108380068092268e-02,1.814129946452780126e-02,8.790779214561039376e-03,2.837212955848536153e-03,1.130081914360851758e-02,1.385738720219570168e-02,2.861904428705009176e-03,1.329681454254279249e-02,3.388576181939796910e-03,1.432701899154441121e-02,5.110395344963123386e-03,5.958421687389141470e-03,4.095936769022919671e-03,9.679437868916474300e-03,4.965144968134975294e-03,1.094646933683882800e-02,5.697752097771949763e-03,5.937477224376853067e-03,3.304364627133859339e-03,1.144480641125409162e-02,3.807233146755474671e-03,8.253458446333876083e-03,1.630894904414871918e-35,1.630894904414871918e-35
5.874244430729528253e-03,0.000000000000000000e+00,0.000000000000000000e+00,0.000000000000000000e+00,0.000000000000000000e+00,0.000000000000000000e+00,0.000000000000000000e+00,0.000000000000000000e+00,0.000000000000000000e+00,0.000000000000000000e+00,0.000000000000000000e+00,0.000000000000000000e+00,0.000000000000000000e+00,0.000000000000000000e+00,0.000000000000000000e+00,0.000000000000000000e+00,0.000000000000000000e+00,0.000000000000000000e+00,0.000000000000000000e+00,0.000000000000000000e+00,0.000000000000000000e+00,0.000000000000000000e+00,4.108468352994950647e-03,2.143034595581847553e-03,7.795875049560785667e-04,7.416341925699441702e-04,2.852545301793448472e-04,1.330905231024816476e-04,3.316182227020025050e-04,2.297316987328761485e-03,1.575858125092895103e-03,2.355910341958884942e-03,1.542559768292530277e-03,9.169706046704501068e-03,2.620939275051295623e-03,1.347808592400565270e-03,2.669123767617736544e-03,4.639384102272794269e-03,4.171380178320063283e-03,3.274662049574713924e-03,7.655142414657241899e-03,9.969938416403126627e-03,9.871351549415702600e-03,7.693344309082026863e-03,6.116667538597062893e-03,1.688534266766127416e-03,1.092005772564091405e-02,6.254633899208276310e-03,7.422133538195254017e-03,3.328345805327639559e-03,8.603771938295062816e-03,1.132229932364390776e-02,2.471218613435797670e-03,1.051678578622507708e-02,6.261403605512225884e-03,1.163972141634780737e-02,9.410284657457150884e-03,4.117314547108295690e-03,4.959333241813715550e-03,3.847637832072342556e-03,4.450020087741062523e-03,3.755594699982982721e-03,9.390014178887788610e-03,3.918823057127417478e-03,6.466342651373299406e-04,4.213232419727514812e-03,6.303478264570174308e-03,5.755648908521451140e-03,0.000000000000000000e+00,0.000000000000000000e+00
1.007394604981719406e-02,0.000000000000000000e+00,0.000000000000000000e+00,0.000000000000000000e+00,0.000000000000000000e+00,0.000000000000000000e+00,0.000000000000000000e+00,0.000000000000000000e+00,0.000000000000000000e+00,0.000000000000000000e+00,0.000000000000000000e+00,0.000000000000000000e+00,0.000000000000000000e+00,0.000000000000000000e+00,0.000000000000000000e+00,0.000000000000000000e+00,0.000000000000000000e+00,0.000000000000000000e+00,0.000000000000000000e+00,0.000000000000000000e+00,0.000000000000000000e+00,0.000000000000000000e+00,3.757685169978142170e-02,4.207364855144213149e-03,2.481195961236962915e-04,1.385192090033857690e-03,3.906209388039815888e-03,2.453369673740082336e-03,7.836946002987294890e-04,3.807694030819059466e-04,3.102661928556622807e-04,1.564294902105701351e-02,1.382252787592881151e-03,1.114337228287587238e-02,4.468214330726063589e-03,1.149228793662230609e-02,2.606184695714524723e-03,5.999677597229645214e-03,1.399466773739059674e-04,6.152161339515903847e-03,8.342638911842911384e-03,1.814202990156908290e-03,7.626100103731625092e-03,1.180279582515591109e-03,6.418403457877711049e-03,2.276520960915285902e-03,7.525669648419296143e-03,2.769391499639724946e-03,9.545597929638502746e-03,7.176475910702371890e-03,9.357785167391972220e-03,9.346666939877325275e-03,4.665481321214516759e-03,8.537257570112189581e-03,5.358313448149901702e-03,6.264807401815819174e-03,2.442546670204929181e-03,4.834535307295249190e-03,6.410670581011861276e-03,3.955439970408019396e-03,5.793712239222422594e-03,1.092875901346276706e-02,8.389873973583565278e-03,3.779948399857496061e-03,2.621989523260713321e-03,6.433102603559546530e-03,9.398812919034707156e-03,5.997185870656367677e-03,0.000000000000000000e+00,0.000000000000000000e+00
1.310882527415145951e-02,0.000000000000000000e+00,0.000000000000000000e+00,0.000000000000000000e+00,0.000000000000000000e+00,0.000000000000000000e+00,0.000000000000000000e+00,0.000000000000000000e+00,0.000000000000000000e+00,0.000000000000000000e+00,0.000000000000000000e+00,0.000000000000000000e+00,0.000000000000000000e+00,0.000000000000000000e+00,0.000000000000000000e+00,0.000000000000000000e+00,0.000000000000000000e+00,0.000000000000000000e+00,0.000000000000000000e+00,0.000000000000000000e+00,0.000000000000000000e+00,0.000000000000000000e+00,5.598833727599044491e-02,1.438084345371782036e-01,1.158453064187604797e-02,6.036361811065889434e-03,1.051877004225556037e-02,2.968126849893114663e-02,4.422972847311533277e-03,4.171011455494366693e-04,5.589692222063733992e-04,6.372221475242697587e-03,4.010767001202144005e-04,5.488860408903693811e-03,1.047634533673176896e-02,7.252970831966193063e-03,3.391425667428251117e-03,1.661711428458860582e-03,1.897798080561050201e-04,3.791545966519371813e-03,3.416663211385299794e-03,7.759072750837913215e-03,4.276968485604314488e-03,2.967114647816035920e-03,4.576158137643399591e-03,4.575191242740426871e-03,5.405400206378269817e-03,6.418599404924031464e-03,3.815785108235762724e-03,2.019649876591557772e-02,8.837942750093188624e-03,5.360336690459563923e-03,5.897069633499211865e-03,3.918493088782950932e-03,2.708043015535062208e-03,2.457359192962192771e-03,8.951116529454123403e-04,1.515236528234589070e-02,1.090612862668739746e-02,4.961916628479333055e-03,7.872886994264345281e-03,5.564683170819029016e-03,2.877239607945789382e-03,5.166299130429953361e-03,5.331239414331326830e-03,1.069943663069939689e-02,2.865562482946082748e-02,1.515058128738849125e-02,0.000000000000000000e+00,0.000000000000000000e+00
1.983011508434327427e-02,1.999999999999999833e-01,1.999999999999999833e-01,1.999999999999999833e-01,1.999999999999999833e-01,1.999999999999999833e-01,1.999999999999999833e-01,1.999999999999999833e-01,1.999999999999999833e-01,1.999999999999999833e-01,1.999999999999999833e-01,1.999999999999999833e-01,1.999999999999999833e-01,1.999999999999999833e-01,1.999999999999999833e-01,1.999999999999999833e-01,1.999999999999999833e-01,1.999999999999999833e-01,1.999999999999999833e-01,1.999999999999999833e-01,1.999999999999999833e-01,1.999999999999999833e-01,2.210890297159529352e-02,2.025226254034979967e-02,2.450807891596851196e-02,2.233493164498259222e-03,4.180920982682054948e-02,5.461993395713379829e-02,9.178566707312301592e-03,1.678635373997645289e-03,5.362222294301263086e-04,3.238035863297777667e-03,5.696170205096731665e-03,5.716558782572923186e-03,8.095182309242176383e-03,1.354898816842583890e-02,4.515292810594093327e-03,2.728347410313347425e-03,2.669993774892504392e-04,3.411425035257042559e-03,4.452070964990046016e-03,4.914268169303433534e-04,3.195138075239598117e-03,2.985865046415080853e-03,3.572759026229656906e-03,3.153373818941853680e-03,5.348217602960675041e-03,8.217080511738745000e-03,3.916043472539694134e-03,2.840404053959319497e-02,3.218650757056378073e-03,4.924450618514007727e-03,9.823215750355740374e-04,3.757059042480046917e-03,4.252535985433244549e-03,2.227479859635144843e-03,6.932929598861253991e-03,9.361984953554940148e-03,3.814418043894836092e-03,1.396065995335916965e-02,8.876455906060492368e-03,5.256653596641312765e-03,1.037834451964865165e-02,6.064523525428626438e-03,3.758834418862934314e-03,9.982264286540164233e-03,1.915122347724058580e-02,1.399598250382308451e-02,1.999999999999999833e-01,1.999999999999999833e-01
6.984832516554738066e-03,5.978095838032639377e-38,5.978095838032639377e-38,5.978095838032639377e-38,5.978095838032639377e-38,5.978095838032639377e-38,5.978095838032639377e-38,5.978095838032639377e-38,5.978095838032639377e-38,5.978095838032639377e-38,5.978095838032639377e-38,5.978095838032639377e-38,5.978095838032639377e-38,5.978095838032639377e-38,5.978095838032639377e-38,5.978095838032639377e-38,5.978095838032639377e-38,5.978095838032639377e-38,5.978095838032639377e-38,5.978095838032639377e-38,5.978095838032639377e-38,5.978095838032639377e-38,1.081504039134912297e-02,1.611152776173459950e-03,4.601337398967005748e-02,7.145605304631925773e-03,1.087401259403396603e-01,2.203080946673321439e-01,1.310566311752094787e-02,2.812245686411984913e-02,8.781705194906769870e-04,2.776981681717650193e-03,1.117976217599597104e-03,2.115111289651379345e-02,1.209819172672443356e-02,8.219723685073678301e-03,6.077364897133707630e-03,4.848780163457389568e-03,9.645440402347855416e-05,4.025870648092055686e-03,3.527515378348535392e-03,3.349277274401086819e-03,3.126944676900488343e-03,2.843044480876140857e-03,4.189936949102268139e-03,3.592051964134223164e-03,4.417418831421583703e-03,7.348016574592219907e-03,3.675706840234759312e-03,2.246603098357842151e-02,3.885828869128421601e-03,3.968347555462447412e-03,3.626120511554936036e-03,2.757314683341628801e-03,1.968255207643157360e-03,2.056470975818196125e-03,1.202362866359058501e-03,1.135956492167416012e-03,7.112040551732921531e-03,6.558158640413796342e-03,6.896140722127251481e-03,1.549362118556497220e-02,1.979730453837889176e-02,4.371856300388794053e-03,1.301874976252399493e-02,4.556265183671823725e-03,1.498993315374515939e-02,1.224030443852408903e-02,5.978095838032639377e-38,5.978095838032639377e-38
7.278253550750395096e-03,5.527707983925665702e-02,5.527707983925665702e-02,5.527707983925665702e-02,5.527707983925665702e-02,5.527707983925665702e-02,5.527707983925665702e-02,5.527707983925665702e-02,5.527707983925665702e-02,5.527707983925665702e-02,5.527707983925665702e-02,5.527707983925665702e-02,5.527707983925665702e-02,5.527707983925665702e-02,5.527707983925665702e-02,5.527707983925665702e-02,5.527707983925665702e-02,5.527707983925665702e-02,5.527707983925665702e-02,5.527707983925665702e-02,5.527707983925665702e-02,5.527707983925665702e-02,1.663966183241131352e-02,3.913326572157292682e-02,1.377106148429339816e-02,1.814130808697398192e-02,4.291496005870141378e-02,6.004743651958994316e-02,1.680639126937281611e-02,2.115210235705083583e-02,8.165124161009722865e-04,3.864303029872612118e-03,1.416952235019207839e-03,5.584925187626479590e-03,3.101245896363444710e-03,5.553393469983972097e-03,2.168282961023895380e-02,7.943447008627178146e-03,2.184105838567286864e-02,4.690793689016335699e-03,3.182500422878223757e-03,2.781183016117817590e-03,4.198552986870236065e-03,1.142548292118474723e-02,3.624185128635433288e-03,6.820490830003768205e-03,3.259217267378072824e-03,4.932328682481556224e-03,3.303055161845201790e-03,8.819086462668520102e-03,3.252193231542326989e-03,3.754906060680541016e-03,4.840773534301528840e-03,3.944727198731382348e-03,5.872549722865222019e-03,5.616932386433422415e-03,5.937085289228278412e-03,6.191943110524501977e-03,7.944307948999636965e-03,9.485320277550546991e-03,7.329635615631063632e-03,5.585591781663009486e-03,5.825165458905674949e-03,2.680750475853096483e-03,6.784849158050097230e-03,6.599437955726495872e-03,7.550171059411462347e-03,5.413767853275784983e-03,5.527707983925665702e-02,5.527707983925665702e-02
